,1961,1962,1963,1964,1965,1966,1967,1968,1969,1970,1971,1972,1973,1974,1975,1976,1977,1978,1979,1980,1981,1982,1983,1984,1985,1986,1987,1988,1989,1990,1991,1992,1993,1994,1995,1996,1997,1998,1999,2000,2001,2002,2003,2004,2005,2006,2007,2008,2009,2010,2011,2012,2013,2014,2015,2016,2017,2018,2019,2020
afghanistan,0.026,-0.279,0.952,-0.982,-0.017,0.28,-0.379,-0.244,-0.332,0.671,0.823,-1.45,0.314,-0.617,-0.398,-0.273,0.785,0.288,0.201,0.786,0.707,-0.425,0.416,0.013,0.637,-0.064,0.684,1.084,-0.193,0.684,0.029,-0.277,0.152,0.454,0.494,0.106,0.486,0.89,1.099,1.217,1.569,1.314,0.717,1.599,0.648,1.666,0.863,0.9,0.912,1.501,1.166,0.23,1.368,0.533,1.208,1.932,1.386,1.645,1.078,0.38
albania,0.452,0.221,0.316,-0.172,-0.345,0.469,-0.104,0.058,-0.078,-0.036,-0.233,-0.121,-0.244,-0.191,-0.183,-0.736,0.426,-0.533,0.237,-0.589,-0.175,0.294,-0.205,-0.135,0.178,0.303,0.234,0.296,0.116,0.768,-0.396,0.321,0.368,1.346,0.013,-0.029,0.183,0.608,0.899,1.047,1.065,0.902,0.959,0.578,0.055,0.31,1.214,1.266,1.163,1.127,0.924,1.335,1.456,1.343,1.378,1.298,1.189,1.907,1.737,1.426
algeria,0.278,0.073,0.241,0.071,-0.138,0.311,-0.169,0.046,0.323,0.207,-0.451,-0.474,-0.171,-0.589,-0.424,-0.834,0.452,0.136,0.353,0.123,0.473,0.053,0.654,0.018,0.463,0.178,1.145,0.755,0.69,0.897,-0.01,-0.297,0.388,0.562,0.719,0.7,0.818,0.874,1.216,0.819,1.509,1.201,1.198,0.829,1.047,1.103,0.926,0.845,1.033,2.1,0.994,0.908,0.996,1.497,1.035,1.632,1.193,1.067,1.016,1.703
american-samoa,0.045,-0.073,0.17,-0.129,-0.418,-0.233,-0.429,-0.329,0.229,0.005,-0.35,0.046,0.43,-0.047,0.066,-0.026,0.128,0.073,0.249,0.338,0.116,0.3,0.293,0.178,0.273,0.345,0.324,0.465,0.102,0.535,0.634,0.563,0.246,0.402,0.706,0.487,0.365,0.87,0.39,0.609,0.717,0.973,0.61,0.589,0.737,0.594,1.021,0.591,0.593,1.027,0.511,0.539,0.921,0.799,0.734,1.29,1.108,0.886,1.127,1.014
andorra,1.039,-0.114,-0.491,0.36,-0.157,0.464,0.333,0.295,-0.299,0.091,-0.112,-0.587,-0.184,-0.302,-0.112,-0.092,-0.05,-0.293,0.029,-0.492,0.251,0.815,0.725,-0.288,0.11,0.332,0.477,0.643,1.357,1.106,0.219,0.247,0.155,1.285,1.047,0.416,1.649,0.848,0.884,1.089,1.0,1.093,1.682,0.85,0.473,1.69,0.89,0.736,1.417,0.11,1.681,1.159,0.487,1.393,1.716,1.405,1.562,1.415,1.568,1.788
angola,0.105,0.012,-0.091,-0.128,-0.121,0.168,-0.085,-0.13,0.18,0.154,-0.144,-0.066,0.485,-0.254,-0.075,-0.293,0.215,-0.047,0.299,0.333,0.247,0.148,0.655,0.704,0.345,0.358,0.999,0.553,0.504,0.768,0.453,0.644,0.636,0.478,1.019,0.653,0.568,1.387,0.735,0.751,0.929,1.016,1.176,0.784,1.301,0.78,1.243,0.86,0.96,1.194,0.426,0.442,1.096,0.875,1.341,1.532,1.006,1.434,1.779,1.23
anguilla,-0.284,-0.012,0.297,0.126,0.195,0.033,0.067,0.248,0.101,-0.201,-0.1,-0.285,-0.173,0.255,0.103,-0.214,-0.099,0.237,-0.289,-0.25,-0.335,0.153,0.154,0.022,0.511,0.413,0.079,0.459,-0.023,0.025,0.099,0.59,0.361,0.069,0.279,0.301,0.272,0.368,0.371,0.664,0.162,0.514,0.869,0.489,0.115,0.616,0.685,0.805,0.497,0.919,0.832,0.855,0.32,0.613,0.912,0.515,0.656,0.661,0.695,1.044
antarctica,0.359,-0.836,-0.257,-0.6,-0.192,0.042,0.29,-0.072,-0.243,0.452,0.435,0.491,0.331,0.447,0.136,-0.291,0.168,0.021,-0.248,1.005,0.697,-0.407,0.196,0.729,-0.011,0.322,0.419,0.942,0.454,0.478,1.42,0.52,-0.118,-0.115,0.433,1.29,0.166,0.308,-0.045,0.694,0.456,1.058,0.575,0.293,0.75,0.439,1.409,0.781,1.33,0.516,1.121,0.424,0.882,0.633,-0.186,0.641,0.662,1.181,1.266,1.215
antigua-and-barbuda,0.059,0.045,0.194,0.006,-0.197,-0.102,-0.34,-0.276,0.166,0.055,-0.283,-0.109,0.209,-0.285,-0.239,-0.388,0.206,0.182,0.033,0.572,0.517,0.091,0.47,-0.03,-0.046,0.108,0.613,0.326,0.078,0.224,0.269,0.292,0.384,0.305,0.704,0.322,0.626,1.0,0.558,0.294,0.665,0.774,0.896,0.539,0.963,0.827,0.924,0.35,0.641,1.047,0.647,0.801,0.759,0.75,1.134,1.124,0.884,0.677,1.033,1.182
argentina,0.144,0.037,0.043,-0.393,0.072,-0.126,0.218,0.353,0.428,0.379,-0.2,-0.027,-0.187,-0.102,0.185,-0.334,0.578,0.416,0.22,0.476,0.429,0.468,0.165,-0.365,0.551,0.523,0.423,0.039,0.683,0.395,0.237,-0.178,0.191,0.672,0.307,0.361,0.765,0.415,0.181,-0.172,0.518,0.252,0.61,0.532,0.189,0.644,-0.215,0.659,0.727,0.163,0.383,0.79,0.647,0.771,1.005,0.516,1.072,0.767,0.742,1.101
armenia,0.574,1.044,0.364,-0.893,-0.417,1.942,-0.795,0.054,-0.597,0.969,0.153,-1.165,-0.738,-0.637,0.06,-0.551,-0.205,0.138,1.185,0.389,0.861,-0.742,-0.009,0.079,0.15,0.346,0.116,-0.336,0.765,0.288,0.46,-1.306,-1.094,0.138,0.966,0.848,0.314,1.56,1.358,0.94,1.448,0.567,0.343,0.65,0.743,1.073,0.399,0.573,0.683,2.563,0.046,1.22,0.809,1.7,1.693,0.991,1.154,2.674,1.83,1.695
aruba,-0.446,-0.178,0.69,-0.131,0.128,-0.072,0.133,0.196,-0.053,-0.103,0.089,-0.214,-0.071,0.476,0.199,-0.291,0.154,0.148,-0.464,-0.253,-0.374,0.27,0.239,0.291,0.514,0.269,0.046,0.49,-0.027,-0.39,-0.29,0.514,0.071,-0.142,-0.001,0.222,0.317,0.34,0.227,0.485,0.337,0.649,0.871,-0.026,-0.124,0.389,0.648,0.664,0.305,0.535,0.593,0.597,0.242,0.626,0.746,0.18,0.429,0.767,0.716,1.018
australia,0.21,0.06,-0.019,-0.062,0.343,-0.378,-0.074,-0.226,0.136,0.041,-0.067,0.269,0.702,-0.467,-0.022,-0.551,0.158,-0.131,0.533,0.855,0.432,0.194,0.539,-0.192,0.325,0.366,0.359,0.918,0.143,0.637,0.783,0.225,0.483,0.363,0.269,0.652,0.424,1.002,0.423,0.067,0.152,0.83,0.798,0.631,1.225,0.613,0.834,0.562,1.035,0.422,0.108,0.33,1.365,1.075,0.953,0.984,1.016,1.079,1.468,1.122
austria,0.836,-0.917,-0.617,-0.073,-0.697,0.561,0.569,0.081,-0.238,-0.31,0.139,-0.1,-0.158,0.54,0.548,0.066,0.594,-0.546,0.059,-0.686,0.167,0.594,0.822,-0.267,-0.404,-0.027,-0.158,0.711,0.969,0.893,-0.035,1.238,0.54,1.854,0.526,-0.455,0.691,0.9,0.887,1.759,0.868,1.608,1.187,0.528,0.241,0.95,1.667,1.48,1.253,0.286,1.583,1.35,1.059,2.283,2.102,1.647,1.491,2.391,2.244,1.972
azerbaijan,0.756,0.934,0.234,-0.781,-0.325,1.763,-0.472,0.176,-1.074,0.723,0.411,-0.935,-0.478,-0.49,0.428,-0.618,-0.208,-0.019,0.946,0.215,0.836,-0.695,0.247,-0.304,-0.009,0.274,0.026,-0.0,0.79,0.388,0.368,-0.869,-1.026,-0.097,1.156,0.57,0.316,1.373,1.22,0.969,1.403,0.71,0.221,0.945,1.022,1.025,0.77,0.662,0.877,2.325,0.148,1.383,1.096,1.552,1.464,1.007,1.33,2.123,1.783,1.618
bahamas,-0.343,0.187,-0.222,0.349,-0.127,0.101,-0.187,-0.142,0.182,-0.08,-0.304,0.056,-0.385,-0.093,-0.215,0.112,0.414,0.134,0.141,0.507,-0.071,0.064,0.183,0.178,0.228,-0.091,0.633,0.312,0.032,0.189,0.414,0.33,0.145,0.427,0.77,0.73,0.337,0.432,0.841,0.464,0.059,0.835,0.909,0.404,0.279,0.341,0.833,0.891,0.451,0.482,0.426,0.748,0.602,0.481,-0.038,0.691,0.521,0.726,0.848,1.328
bahrain,-0.326,0.584,0.25,-0.63,0.302,0.607,-0.681,-0.198,0.491,0.166,-0.343,-0.805,0.002,-0.187,-0.29,-0.253,0.461,0.162,0.759,0.436,0.557,-0.628,-0.613,-0.196,0.195,0.264,0.612,0.457,-0.034,0.507,-0.2,-0.899,0.056,0.644,0.164,0.733,0.092,1.482,1.623,0.985,1.32,1.133,1.182,1.03,0.874,1.044,1.039,0.91,1.133,1.937,0.907,1.271,1.017,1.472,1.881,1.533,1.793,2.176,1.837,1.804
baker-island,-0.415,0.02,0.194,-0.045,0.188,-0.027,-0.165,-0.14,-0.052,-0.194,0.14,-0.134,-0.04,0.215,0.094,-0.212,0.309,0.362,-0.093,0.037,-0.206,-0.039,0.106,0.117,0.169,0.122,0.165,0.494,-0.166,0.022,0.059,0.389,0.257,-0.006,0.292,0.261,0.188,0.099,0.248,0.24,0.104,0.49,0.984,0.238,0.274,0.366,0.597,0.494,0.441,0.48,0.492,0.41,0.174,0.624,0.613,0.26,0.523,0.586,0.491,0.82
bangladesh,-0.09,-0.171,-0.076,0.14,-0.126,0.324,-0.183,-0.236,0.036,-0.014,-0.625,-0.041,0.066,-0.225,-0.043,-0.014,-0.171,-0.167,0.59,0.203,-0.181,-0.01,-0.103,-0.124,0.227,0.113,0.427,0.467,0.025,0.012,0.013,0.016,-0.08,0.157,0.328,0.354,-0.224,0.454,0.636,0.092,0.42,0.416,0.25,0.349,0.574,0.885,0.426,0.446,0.973,1.022,0.299,0.348,0.493,0.719,0.753,1.271,0.958,0.669,0.987,0.675
barbados,0.105,0.115,0.232,-0.075,-0.077,-0.01,-0.29,-0.291,0.268,0.126,-0.253,-0.015,0.126,-0.227,-0.349,-0.38,0.148,0.261,0.167,0.486,0.501,0.185,0.36,-0.041,-0.145,-0.029,0.699,0.394,0.146,0.297,0.28,0.168,0.421,0.332,0.684,0.423,0.703,1.091,0.537,0.325,0.615,0.547,0.718,0.494,0.938,0.777,0.658,0.302,0.592,1.175,0.672,0.663,0.674,0.624,0.946,1.104,0.894,0.618,1.028,1.141
belarus,1.028,-0.13,-0.777,-0.161,-0.959,0.697,0.744,-0.279,-1.381,-0.172,0.436,0.831,0.213,0.843,1.943,-1.118,0.093,-0.805,-0.084,-0.955,0.638,0.695,1.484,0.332,-1.244,0.021,-1.611,0.483,2.18,1.792,0.935,1.163,0.056,0.773,1.068,-0.309,0.364,0.566,1.753,1.94,1.138,1.693,0.682,0.87,0.962,0.944,1.944,2.135,1.21,1.066,1.55,0.837,1.539,1.776,2.433,1.751,1.633,2.001,2.822,3.102
belgium,0.839,-1.073,-1.326,0.012,-0.526,0.374,0.444,-0.191,-0.015,-0.099,0.219,-0.257,0.185,0.486,0.517,0.739,0.349,-0.363,-0.541,-0.297,0.031,0.731,0.712,0.067,-0.78,-0.321,-0.515,0.853,1.322,1.29,0.138,0.919,0.316,1.423,1.107,-0.697,0.905,0.789,1.381,1.456,0.955,1.446,1.313,0.775,1.072,1.512,1.555,0.912,1.001,-0.269,1.723,0.794,0.288,2.04,1.425,1.185,1.473,2.052,1.759,2.301
belize,0.111,-0.197,-0.371,0.126,-0.117,-0.41,-0.188,-0.374,0.333,-0.125,-0.04,0.252,0.339,-0.149,0.167,-0.622,-0.103,0.044,0.157,0.259,-0.122,0.204,0.478,-0.205,-0.055,-0.122,0.102,0.16,-0.102,0.115,0.468,0.209,0.05,0.44,0.695,0.06,0.657,0.896,-0.0,-0.164,0.176,0.421,0.457,0.234,0.495,0.113,0.468,0.174,0.413,0.118,0.448,0.383,0.52,0.338,0.969,0.879,0.659,0.412,1.054,1.347
benin,-0.312,-0.183,0.172,-0.212,-0.187,0.026,-0.214,-0.023,0.362,0.3,-0.074,0.24,0.751,-0.078,-0.23,-0.286,0.221,0.025,0.362,0.411,0.367,0.158,0.635,0.489,0.415,0.37,1.147,0.59,0.064,0.736,0.253,0.116,0.571,0.358,0.619,0.722,0.579,1.073,0.593,0.503,0.663,0.766,1.024,0.934,1.222,1.113,1.023,0.677,0.916,1.12,0.921,0.703,0.851,0.939,0.973,1.173,1.039,0.924,1.079,1.003
bhutan,-0.002,-0.269,-0.348,0.167,-0.513,0.154,-0.386,-0.497,0.169,-0.041,-0.395,0.024,0.234,0.077,0.171,0.163,-0.063,-0.214,0.342,0.139,-0.014,0.011,-0.283,0.275,0.365,-0.057,0.251,0.644,0.142,0.154,-0.003,-0.143,0.15,0.252,0.437,0.408,-0.384,0.692,0.926,0.154,0.646,0.394,0.385,0.409,0.613,1.073,0.94,0.722,1.328,1.209,0.625,0.38,0.686,0.811,0.78,1.344,1.158,0.902,0.968,0.913
bolivia,0.316,-0.234,0.447,-0.191,0.115,0.133,0.412,0.077,0.672,0.373,-0.412,0.186,0.244,-0.246,-0.059,-0.191,0.292,0.245,0.094,0.194,-0.028,0.144,0.39,0.152,0.287,0.247,0.628,0.287,0.017,0.248,0.544,-0.05,0.336,0.809,0.717,0.199,0.828,0.625,0.059,0.063,0.25,0.691,0.347,0.466,0.501,0.582,0.201,0.132,0.437,0.564,0.829,0.667,0.37,0.785,1.274,0.683,0.821,0.359,0.792,1.305
"bonaire,-saint-eustatius-and-saba",-0.388,-0.106,0.584,-0.008,0.231,-0.036,0.053,0.157,0.024,-0.145,0.12,-0.199,-0.058,0.46,0.181,-0.348,0.05,0.165,-0.436,-0.259,-0.457,0.22,0.195,0.332,0.529,0.41,0.015,0.45,-0.097,-0.438,-0.199,0.633,0.022,-0.145,0.148,0.135,0.307,0.31,0.197,0.452,0.303,0.5,0.893,0.06,-0.132,0.408,0.656,0.735,0.266,0.677,0.638,0.621,0.311,0.698,0.959,0.273,0.424,0.744,0.705,1.016
bosnia-and-herzegovina,0.676,-0.394,-0.188,-0.374,-0.429,0.427,0.092,0.106,-0.338,-0.123,-0.122,0.132,-0.264,0.136,0.314,-0.645,0.534,-0.663,0.354,-0.769,-0.087,0.507,0.297,-0.287,-0.218,0.058,0.088,0.426,0.451,0.945,-0.288,0.862,0.383,1.516,0.236,-0.209,0.242,0.607,0.886,1.701,0.874,1.48,1.032,0.614,-0.139,0.631,1.555,1.585,1.358,0.751,1.248,1.573,1.445,1.94,1.623,1.381,1.391,2.077,2.067,1.709
botswana,0.164,0.235,-0.523,0.054,0.238,0.415,-0.35,-0.085,0.284,0.832,0.071,0.038,0.428,-0.704,-0.221,-0.786,0.194,-0.229,0.407,-0.009,-0.319,0.474,0.99,0.584,0.36,0.427,1.179,0.169,0.122,0.959,0.16,1.286,0.673,0.241,1.197,0.236,0.421,1.129,0.991,-0.033,0.391,1.023,1.429,0.453,1.558,0.188,0.775,0.717,0.304,0.936,0.196,0.72,0.951,0.32,1.887,1.74,0.664,1.339,1.979,0.577
brazil,0.213,-0.122,0.205,-0.24,0.034,0.074,0.029,-0.395,0.355,0.144,-0.277,0.14,0.384,-0.24,-0.098,-0.126,0.273,0.083,0.053,0.297,0.153,0.319,0.522,0.251,0.036,0.209,0.677,0.329,0.043,0.435,0.394,0.341,0.462,0.555,0.697,0.473,0.705,1.129,0.437,0.354,0.591,0.964,0.826,0.619,0.942,0.719,0.811,0.552,0.825,1.023,0.669,0.937,0.767,0.925,1.405,1.3,1.14,0.845,1.295,1.253
british-virgin-islands,-0.344,-0.003,0.278,0.165,0.266,0.059,0.055,0.284,0.18,-0.194,-0.063,-0.258,-0.182,0.265,0.074,-0.221,-0.112,0.217,-0.348,-0.256,-0.36,0.153,0.144,0.042,0.506,0.405,0.066,0.44,0.036,0.052,0.103,0.631,0.317,0.039,0.287,0.241,0.247,0.383,0.487,0.639,0.158,0.555,0.911,0.443,0.121,0.618,0.739,0.817,0.482,0.876,0.837,0.894,0.335,0.631,0.929,0.456,0.655,0.624,0.686,1.034
bulgaria,0.432,0.306,-0.133,-0.322,-0.405,1.009,0.001,0.356,-0.408,0.225,-0.113,0.003,-0.41,-0.077,0.371,-0.796,0.334,-0.452,0.289,-0.632,0.065,-0.066,0.171,-0.012,-0.403,-0.004,-0.329,0.09,0.486,0.951,-0.481,0.351,0.013,1.505,0.187,-0.309,-0.416,0.447,1.135,1.184,1.015,1.093,0.288,0.645,0.179,0.539,1.659,1.375,1.269,1.194,0.414,1.421,1.459,1.303,1.577,1.426,1.116,1.684,2.143,1.946
burkina-faso,-0.347,-0.197,0.221,-0.145,-0.291,0.035,-0.27,-0.089,0.506,0.264,0.016,0.171,0.623,-0.202,-0.299,-0.423,0.144,0.232,0.292,0.66,0.346,0.061,0.77,0.643,0.411,0.262,1.156,0.441,0.133,0.725,0.432,0.095,0.777,0.202,0.651,0.932,0.658,1.061,0.453,0.557,0.67,0.956,0.971,1.129,1.384,1.024,0.979,0.402,0.975,1.17,0.91,0.586,0.801,0.861,0.897,1.223,1.041,1.026,1.069,1.088
burma,-0.208,0.067,0.257,-0.012,0.369,-0.006,-0.081,-0.188,-0.0,-0.206,0.354,-0.181,-0.107,0.124,-0.056,-0.529,0.077,0.091,-0.202,-0.088,-0.278,-0.178,-0.022,0.481,0.316,0.068,-0.104,-0.032,0.033,0.001,0.024,0.345,0.359,0.023,0.052,0.247,-0.249,-0.024,0.245,0.383,0.231,0.009,0.904,0.5,0.026,0.383,0.383,0.374,0.182,0.694,0.511,0.202,0.221,0.754,0.92,0.188,0.698,0.578,0.768,0.769
burundi,0.041,-0.26,-0.188,-0.12,-0.171,-0.038,-0.208,-0.191,0.191,0.073,-0.407,0.112,0.211,-0.247,-0.163,0.014,0.346,0.261,0.41,0.581,0.687,0.519,0.793,0.266,0.492,0.412,0.938,0.59,0.152,0.549,0.115,0.602,0.474,0.5,0.776,0.391,0.952,0.897,0.139,0.743,0.453,0.851,0.893,0.91,1.774,1.269,0.886,0.819,0.954,1.422,0.749,0.829,0.892,0.974,1.092,1.333,1.135,0.847,1.101,1.1
cambodia,-0.03,-0.269,-0.309,0.076,0.007,0.419,-0.333,0.05,0.345,0.182,-0.544,0.06,0.292,-0.231,-0.182,-0.316,0.031,0.163,0.406,0.333,0.179,0.184,0.533,0.085,0.17,-0.008,0.596,0.323,0.221,0.537,0.43,0.277,0.122,0.447,0.367,0.125,0.363,1.237,0.128,0.304,0.538,0.779,0.464,0.41,0.717,0.699,0.547,0.165,0.479,1.123,0.268,1.009,0.668,0.66,1.114,1.304,0.856,0.828,1.33,1.276
cameroon,-0.207,-0.107,0.09,-0.172,-0.131,0.037,-0.095,-0.096,0.201,0.167,-0.153,0.163,0.55,-0.153,-0.143,-0.066,0.276,0.105,0.4,0.377,0.028,0.035,0.399,0.199,0.092,0.227,0.74,0.341,-0.146,0.577,0.403,-0.043,0.271,0.227,0.421,0.291,0.513,1.076,0.504,0.384,0.436,0.814,0.916,0.935,1.132,1.002,0.896,0.856,1.09,1.053,0.595,0.521,0.748,0.773,0.902,1.16,1.078,0.894,1.204,1.087
canada,-0.12,0.076,0.338,-0.535,-0.609,-0.255,-0.403,0.241,0.38,-0.222,0.012,-1.905,0.731,-0.742,-0.047,0.086,1.035,-0.4,-0.098,0.488,2.043,-0.981,0.148,0.264,0.013,0.056,1.568,0.786,-0.149,-0.097,0.506,-0.004,0.565,0.527,0.593,-0.009,0.695,2.385,1.744,0.891,1.821,0.548,1.071,-0.027,1.594,2.453,0.821,0.623,0.781,3.031,1.375,1.836,0.795,0.66,1.323,2.14,1.621,0.56,1.13,1.196
cape-verde,-0.295,-0.312,0.277,-0.486,-0.269,0.037,0.22,0.185,-0.025,-0.31,0.231,-0.214,-0.362,0.717,0.496,-0.253,-0.225,0.201,-0.548,-0.183,-0.184,0.227,0.391,0.693,0.497,0.445,0.18,0.573,0.163,0.191,-0.013,0.926,0.558,0.447,0.724,0.398,0.444,0.234,0.237,0.971,1.024,1.098,1.313,0.501,0.597,1.131,0.931,0.665,0.71,1.027,0.903,0.684,0.844,0.425,1.767,1.121,0.905,1.028,0.797,0.942
cayman-islands,-0.298,-0.048,0.147,0.293,0.136,0.172,-0.087,-0.077,0.199,-0.016,-0.307,-0.141,-0.431,0.042,-0.188,-0.084,0.16,0.162,-0.032,0.169,-0.06,0.214,0.112,0.106,0.257,-0.117,0.46,0.373,0.122,0.137,0.248,0.343,0.39,0.245,0.511,0.523,0.294,0.418,0.803,0.723,0.214,0.828,0.791,0.286,0.204,0.307,0.664,0.575,0.654,0.531,0.577,0.664,0.427,0.543,0.08,0.461,0.359,0.699,0.604,0.976
central-african-republic,-0.358,-0.26,-0.058,-0.256,-0.166,-0.071,-0.196,-0.199,0.196,0.146,-0.184,0.198,0.573,-0.137,-0.032,0.067,0.224,0.174,0.43,0.574,0.102,0.141,0.389,0.1,0.113,0.306,0.677,0.311,-0.031,0.491,0.379,-0.118,0.434,0.397,0.243,0.401,0.712,0.996,0.359,0.542,0.562,0.863,0.954,1.047,1.375,1.09,0.766,0.744,1.25,1.017,0.712,0.507,0.851,0.845,0.816,1.184,1.189,0.789,0.959,0.882
chad,-0.907,-0.2,0.367,-0.257,-0.36,-0.17,-0.213,-0.162,0.691,-0.074,-0.149,0.279,0.656,-0.182,-0.189,0.335,-0.259,0.07,0.448,0.406,0.098,0.151,-0.048,0.296,0.322,0.443,0.469,0.211,-0.334,0.542,0.413,-0.224,0.464,0.214,0.463,0.715,0.666,0.82,0.686,0.233,0.531,0.731,0.693,0.802,1.193,1.017,0.739,0.578,1.146,1.497,0.693,0.743,0.958,1.068,0.881,1.365,0.903,1.147,1.029,0.809
chile,-0.179,0.214,0.039,-0.195,0.093,-0.017,0.036,0.34,0.348,0.116,-0.412,-0.012,-0.087,-0.16,-0.087,-0.196,0.458,0.441,0.368,0.4,0.436,0.499,0.742,-0.105,0.472,0.236,0.747,0.132,0.413,0.309,0.165,0.057,0.37,0.457,0.209,0.222,0.71,0.745,0.281,-0.081,0.218,0.083,0.413,0.629,0.277,0.544,-0.086,0.617,0.477,0.124,0.429,0.643,0.649,0.529,0.991,1.066,0.899,0.6,0.769,1.041
china,0.243,-0.079,0.257,-0.051,-0.006,0.157,-0.399,-0.103,-0.345,-0.256,0.027,-0.005,0.394,-0.157,0.279,-0.341,0.047,0.248,0.273,0.131,0.104,0.32,0.1,-0.331,-0.091,0.022,0.4,0.389,0.352,0.755,0.379,0.123,0.185,0.769,0.487,0.225,0.617,1.34,1.116,0.481,0.868,1.078,0.811,1.03,0.782,1.28,1.487,0.931,1.145,0.913,0.699,0.454,1.134,1.007,1.37,1.414,1.428,1.201,1.404,1.475
christmas-island,-0.135,0.144,0.182,0.193,0.098,-0.113,-0.11,-0.118,-0.036,-0.155,0.032,-0.018,-0.17,0.248,0.051,-0.192,0.166,0.325,-0.102,-0.143,-0.193,0.063,-0.077,0.172,0.308,0.239,0.261,0.645,0.103,0.078,-0.193,0.448,0.454,0.331,0.498,0.284,0.267,0.329,0.188,0.434,0.57,0.261,0.873,0.553,0.535,0.299,0.762,0.729,0.638,0.742,0.57,0.602,0.326,0.595,0.897,0.391,0.56,0.801,0.842,0.921
colombia,0.053,-0.01,0.047,0.031,0.038,0.191,-0.144,-0.133,0.334,0.027,-0.45,0.031,0.248,-0.281,-0.395,-0.175,0.319,0.158,0.19,0.372,0.109,0.225,0.605,-0.128,0.007,0.005,0.613,0.24,-0.069,0.266,0.446,0.636,0.328,0.269,0.561,0.195,0.654,0.925,0.064,0.153,0.521,0.746,0.762,0.683,0.775,0.625,0.653,0.387,0.837,0.912,0.489,0.553,0.68,0.734,1.057,0.974,0.675,0.752,1.046,1.214
comoros,0.34,-0.034,-0.333,-0.374,-0.427,0.119,0.101,-0.401,0.316,0.082,-0.389,0.066,0.144,-0.248,-0.032,-0.029,0.516,0.254,0.271,0.279,0.179,0.527,0.591,-0.074,0.007,0.263,0.678,0.644,0.062,0.433,0.488,0.51,0.358,0.58,0.637,0.41,0.785,1.085,0.531,0.567,0.79,0.912,0.878,0.692,0.97,0.739,0.893,0.488,0.87,1.081,0.777,0.656,0.678,0.699,1.006,0.892,1.001,0.88,1.316,1.189
congo-(democratic-republic-of-the),-0.362,-0.031,0.27,0.158,-0.013,-0.025,-0.08,-0.049,-0.136,-0.101,0.066,-0.171,-0.226,0.17,0.151,-0.278,0.09,0.314,-0.2,-0.157,-0.185,0.218,0.141,0.32,0.347,0.235,0.1,0.562,0.16,0.136,0.229,0.786,0.551,0.153,0.464,0.285,0.319,0.323,0.461,0.701,0.455,0.772,1.01,0.304,0.43,0.465,0.732,0.767,0.747,1.13,0.738,0.571,0.502,0.757,1.106,0.527,0.44,0.816,0.674,0.738
congo,-0.256,0.008,0.093,0.087,0.052,-0.181,0.023,0.153,-0.088,-0.09,0.152,-0.108,-0.123,0.141,0.196,-0.209,0.024,0.353,-0.194,-0.161,-0.28,0.223,0.059,0.342,0.215,0.112,-0.048,0.398,0.22,0.03,0.103,0.658,0.457,0.133,0.316,0.31,0.025,0.194,0.366,0.633,0.185,0.589,1.064,0.34,0.278,0.24,0.501,0.558,0.647,0.751,0.763,0.659,0.743,0.876,1.113,0.463,0.495,0.669,0.607,0.751
costa-rica,-0.022,-0.199,-0.04,-0.202,-0.004,0.037,-0.295,-0.298,0.124,-0.281,-0.401,0.231,0.124,-0.286,-0.314,0.095,0.416,0.158,0.143,0.218,-0.093,0.285,0.664,-0.202,-0.147,0.06,0.814,0.102,-0.021,0.351,0.459,0.479,0.377,0.499,0.426,0.027,0.933,1.08,-0.023,0.065,0.375,0.63,0.721,0.658,0.518,0.41,0.555,0.128,0.672,0.311,0.18,0.474,0.622,0.83,1.224,0.931,0.611,0.64,1.001,0.994
croatia,0.789,-0.605,-0.389,-0.36,-0.491,0.533,0.305,0.148,-0.379,-0.143,-0.07,0.028,-0.196,0.32,0.519,-0.44,0.482,-0.716,0.294,-0.807,0.059,0.458,0.467,-0.307,-0.371,-0.111,-0.083,0.525,0.63,0.914,-0.199,1.057,0.41,1.62,0.394,-0.334,0.344,0.7,0.896,1.87,1.002,1.559,1.184,0.541,-0.009,0.862,1.667,1.594,1.454,0.523,1.336,1.596,1.25,2.028,1.787,1.417,1.501,2.146,2.163,1.804
cuba,0.145,-0.085,-0.03,0.235,-0.033,-0.409,-0.082,-0.359,0.029,-0.257,-0.033,0.27,0.096,0.01,0.289,-0.107,0.078,0.017,0.094,0.191,-0.195,0.428,0.236,-0.03,0.041,0.262,0.346,0.314,0.375,0.618,0.633,0.34,0.402,0.728,0.519,0.051,0.829,0.796,0.192,0.19,0.315,0.719,0.737,0.529,0.421,0.453,0.607,0.459,0.445,0.038,0.54,0.478,0.761,0.726,1.216,0.978,0.895,0.811,1.187,1.332
cyprus,0.004,0.764,0.48,-0.463,-0.171,0.509,-0.691,0.067,0.063,0.1,-0.165,-0.415,-0.069,-0.228,-0.169,-0.455,-0.019,0.093,0.404,-0.314,0.057,-0.586,-0.7,-0.25,0.012,0.073,-0.284,-0.041,-0.113,0.032,-0.1,-1.062,-0.239,0.584,-0.125,0.276,-0.286,0.788,0.928,0.33,0.758,0.594,0.578,0.366,0.317,0.341,0.795,0.979,0.967,1.779,0.479,0.938,0.984,1.212,0.954,1.293,0.863,1.866,1.171,1.385
czech-republic,-1.324,0.413,0.123,0.579,0.188,0.757,-0.812,-0.825,-0.26,-0.802,0.631,0.8,0.163,-0.365,-0.443,0.185,-0.073,0.064,0.775,0.812,0.145,0.511,-0.424,-0.021,-0.867,0.229,0.649,0.982,-0.174,-0.75,-0.103,-0.617,0.743,1.201,1.175,-0.023,1.321,0.357,1.663,0.614,-0.947,0.349,0.907,1.098,1.866,0.578,1.414,1.085,0.653,0.537,1.092,1.81,1.622,1.161,-0.051,1.384,1.222,0.806,2.255,2.191
denmark-(europe),0.837,-0.655,-1.027,-0.139,-0.671,-0.454,0.748,0.147,-0.315,-0.708,0.496,0.144,0.471,0.836,1.201,0.031,0.206,-0.167,-1.06,-0.388,-0.341,0.449,0.788,0.353,-1.065,-0.546,-1.011,0.89,1.599,1.75,0.629,1.402,0.088,1.004,0.654,-0.737,0.883,0.585,1.292,1.597,0.614,1.444,0.983,1.018,1.045,1.677,1.75,1.696,1.128,-0.756,1.207,0.593,0.64,2.364,1.501,1.458,1.337,1.852,1.891,2.299
denmark,-0.284,0.971,0.621,-0.065,0.749,-0.482,-0.18,-0.657,-0.208,-0.414,-1.374,-0.426,-0.859,0.221,-1.057,0.231,0.206,0.052,-0.349,0.846,-0.234,-0.865,-2.185,-1.154,0.682,0.081,-0.486,0.416,-1.073,-0.362,-0.006,-1.247,-1.026,-0.372,0.089,0.978,0.339,1.03,-0.003,0.928,0.623,1.364,1.947,0.885,2.057,1.108,1.166,0.839,0.926,2.593,0.924,1.471,0.947,1.679,-0.067,2.509,1.067,0.728,1.777,0.909
djibouti,0.029,-0.193,0.135,-0.339,-0.489,-0.121,-0.453,-0.472,0.146,-0.011,-0.224,0.44,0.486,-0.196,0.048,0.098,0.367,0.469,0.324,0.848,0.203,0.317,0.416,-0.035,0.141,0.182,0.507,0.759,0.118,0.625,0.597,0.403,0.118,0.449,0.702,0.594,0.827,1.089,0.731,0.774,0.722,1.068,1.082,0.843,1.062,1.002,0.957,0.57,1.029,0.947,1.005,0.937,1.128,0.96,1.474,1.454,1.492,1.246,1.566,1.633
dominica,0.027,0.092,0.2,-0.034,-0.122,-0.052,-0.323,-0.283,0.182,0.053,-0.237,0.028,0.138,-0.261,-0.271,-0.39,0.171,0.199,0.16,0.509,0.572,0.143,0.384,-0.059,-0.07,-0.031,0.665,0.331,0.064,0.275,0.282,0.279,0.417,0.333,0.697,0.366,0.705,1.025,0.53,0.29,0.629,0.577,0.745,0.498,0.977,0.795,0.784,0.319,0.558,1.127,0.641,0.785,0.719,0.657,1.083,1.073,0.92,0.638,0.996,1.148
dominican-republic,0.029,0.044,0.152,0.121,-0.172,0.021,-0.007,-0.009,0.324,-0.086,-0.33,-0.143,0.099,-0.398,-0.211,-0.298,0.222,0.177,-0.02,0.582,0.319,0.2,0.523,-0.062,-0.029,0.129,0.523,0.335,0.179,0.41,0.359,0.383,0.28,0.469,0.595,0.237,0.901,0.871,0.482,0.279,0.555,0.739,0.875,0.593,0.696,0.846,0.918,0.578,0.718,0.824,0.447,0.669,0.864,0.946,1.236,0.845,0.719,0.62,1.018,1.169
ecuador,-0.137,-0.137,-0.006,-0.151,0.145,0.139,-0.239,-0.119,0.465,-0.041,-0.426,0.452,0.132,-0.228,-0.418,0.006,0.243,0.147,0.305,0.337,0.178,0.567,1.004,-0.007,-0.11,0.115,0.904,0.233,-0.061,0.472,0.613,0.675,0.506,0.305,0.628,0.055,1.13,1.161,-0.021,0.075,0.314,0.711,0.668,0.659,0.501,0.555,0.385,0.288,0.73,0.693,0.522,0.551,0.541,0.839,1.266,1.245,0.856,0.722,0.964,1.202
egypt,-0.661,0.6,0.736,-0.484,-0.244,0.421,-0.694,-0.209,0.461,-0.263,-0.297,-0.137,-0.198,-0.229,-0.375,-0.087,-0.238,-0.006,0.579,0.131,-0.099,-0.445,-0.845,-0.139,0.271,-0.066,-0.129,0.238,-0.141,0.139,0.083,-0.468,0.331,0.307,0.256,0.488,-0.072,0.695,0.786,-0.107,0.539,0.7,0.584,0.559,0.562,0.49,0.585,0.891,0.793,2.204,0.369,0.97,0.952,1.323,1.108,1.492,0.822,1.827,0.949,0.855
el-salvador,-0.048,-0.352,-0.125,0.016,0.116,-0.113,-0.219,-0.406,0.21,-0.105,-0.345,0.337,0.155,-0.287,-0.18,-0.247,0.31,0.175,0.162,0.25,-0.065,0.214,0.576,-0.253,-0.068,0.025,0.601,0.248,-0.06,0.306,0.391,0.472,0.368,0.672,0.591,0.056,0.765,0.887,0.026,0.088,0.295,0.564,0.591,0.543,0.302,0.419,0.236,-0.042,0.465,0.083,0.216,0.327,0.502,0.558,1.241,0.939,0.552,0.583,0.991,1.226
equatorial-guinea,-0.197,-0.063,0.127,-0.262,-0.184,0.142,-0.07,-0.09,0.149,0.16,-0.106,0.092,0.468,-0.093,-0.101,-0.235,0.336,0.228,0.513,0.477,0.08,0.047,0.382,0.353,0.048,0.136,0.706,0.507,0.232,0.401,0.386,0.054,0.324,0.365,0.759,0.378,0.461,1.133,0.525,0.411,0.434,0.741,0.941,0.862,0.851,0.855,0.911,0.887,0.934,0.997,0.602,0.512,0.671,0.829,0.867,1.179,1.019,0.666,1.294,1.185
eritrea,-0.284,0.022,0.287,-0.602,-0.295,0.136,-0.591,-0.433,0.416,0.037,-0.491,0.257,0.462,-0.134,-0.125,0.143,-0.064,0.203,0.327,0.662,0.264,-0.09,-0.015,0.43,0.172,0.176,0.678,0.343,-0.196,0.54,0.451,-0.178,0.101,0.21,0.434,0.484,0.447,0.784,0.72,0.663,0.729,1.007,1.057,0.899,0.967,0.758,0.726,0.891,1.333,1.218,0.828,0.99,1.137,1.048,1.484,1.363,1.357,1.088,1.1,0.876
estonia,1.667,-0.209,-0.751,0.191,-0.502,-0.892,0.458,-0.325,-1.208,-0.648,0.45,1.023,0.526,1.39,1.928,-1.153,-0.187,-1.105,-0.117,-0.444,0.309,0.596,1.333,0.898,-1.294,0.058,-1.525,0.871,2.388,1.871,1.424,1.613,0.316,0.391,1.333,-0.259,0.92,0.524,1.607,2.19,1.156,1.322,0.82,1.103,1.169,1.649,1.95,2.393,1.166,0.174,1.991,0.61,1.745,2.049,2.563,1.639,1.472,2.149,2.464,3.404
ethiopia,-0.159,-0.237,-0.037,-0.239,-0.21,-0.112,-0.418,-0.49,0.132,0.094,-0.25,0.321,0.527,-0.151,-0.066,0.123,0.253,0.284,0.391,0.725,0.232,0.31,0.572,0.302,0.127,0.334,0.793,0.588,-0.041,0.448,0.572,0.454,0.173,0.494,0.737,0.532,0.706,0.814,0.446,0.559,0.736,1.074,1.07,0.928,1.084,0.955,0.841,0.766,1.325,1.033,0.965,0.999,1.042,0.946,1.448,1.38,1.223,0.787,1.216,1.233
falkland-islands-(islas-malvinas),0.433,0.099,-0.21,-0.729,0.336,-0.315,0.451,-0.249,-0.317,0.104,-0.408,0.105,0.401,-0.141,0.178,-0.259,-0.325,0.011,0.117,0.014,-0.34,0.163,0.308,0.583,0.012,0.222,0.515,0.652,-0.229,0.715,-0.006,0.399,0.196,1.105,0.656,-0.087,0.145,0.881,0.167,-0.109,0.629,0.08,1.413,0.761,0.17,0.409,-0.199,0.299,1.156,0.374,0.842,0.113,0.712,0.319,0.602,0.888,0.445,0.731,0.347,0.283
faroe-islands,-0.033,0.147,-0.064,0.856,0.648,0.444,-0.363,-0.163,0.339,-0.452,-0.411,-0.095,-0.377,-0.52,-0.403,0.286,0.741,-0.198,0.632,0.1,0.373,-0.085,-0.223,-0.96,0.022,-0.659,0.247,-0.235,0.513,-0.401,-0.205,0.27,0.089,0.323,0.607,0.754,0.509,-0.101,0.045,-0.241,0.179,0.792,0.264,0.323,0.397,0.322,1.102,1.418,1.053,0.515,1.086,0.74,0.736,1.188,-0.012,0.925,0.21,0.523,1.53,0.591
federated-states-of-micronesia,0.021,0.028,-0.052,-0.199,-0.212,0.052,-0.085,-0.041,0.092,0.221,-0.245,-0.204,0.181,-0.109,-0.091,-0.127,0.234,0.297,0.258,0.397,0.526,0.261,0.554,0.534,0.264,0.435,0.346,0.555,0.223,0.477,0.293,0.372,0.208,0.509,0.66,0.542,0.512,0.751,0.255,0.63,0.684,0.743,0.655,0.867,0.889,0.711,0.675,0.547,0.828,0.899,0.674,0.883,1.105,0.813,0.868,1.294,1.208,1.058,1.152,1.343
fiji,0.197,-0.061,-0.025,0.181,-0.56,-0.376,-0.214,-0.128,-0.093,0.148,0.052,-0.222,0.378,0.212,0.341,0.078,-0.07,-0.139,0.192,0.186,0.306,0.18,0.224,0.527,0.391,-0.026,0.147,0.872,0.406,0.441,0.24,0.237,-0.101,0.064,0.618,0.719,0.304,0.829,0.628,0.752,0.751,0.77,0.521,0.521,0.639,0.628,1.076,0.702,0.211,0.941,0.814,0.52,0.905,0.692,0.57,1.021,1.026,0.842,0.939,1.14
finland,1.631,-0.436,-0.174,0.479,-0.52,-1.66,0.594,-0.934,-0.905,-0.273,-0.59,1.478,0.211,1.982,1.545,-1.064,-0.229,-1.303,0.066,-0.57,-0.528,0.393,0.597,1.041,-1.876,-0.212,-1.516,0.489,2.321,1.569,1.008,1.286,0.448,0.421,0.997,0.339,0.794,-0.123,0.958,2.236,0.739,0.844,1.115,1.269,1.918,1.549,1.77,1.848,1.064,-0.206,2.199,0.507,2.048,2.311,2.675,1.911,1.307,1.968,1.479,3.167
france-(europe),1.003,-0.589,-0.981,0.131,-0.377,0.423,0.271,-0.046,-0.103,0.013,-0.03,-0.342,-0.081,0.183,0.096,0.419,0.168,-0.303,-0.147,-0.48,0.156,0.891,0.637,-0.053,-0.341,-0.079,-0.046,0.743,1.228,1.257,0.253,0.649,0.268,1.475,1.03,-0.007,1.29,0.706,1.116,1.24,0.845,1.27,1.578,0.76,0.734,1.425,1.102,0.734,1.124,0.024,1.794,0.928,0.471,1.694,1.508,1.078,1.337,1.886,1.728,2.052
france,0.81,-0.481,-0.819,0.101,-0.337,0.349,0.195,-0.068,-0.014,0.038,-0.068,-0.299,-0.029,0.113,0.059,0.332,0.149,-0.224,-0.074,-0.335,0.19,0.771,0.619,-0.044,-0.287,-0.046,0.064,0.675,1.022,1.088,0.257,0.597,0.265,1.248,0.977,0.069,1.15,0.793,1.017,1.087,0.805,1.17,1.436,0.762,0.771,1.279,1.033,0.725,1.073,0.224,1.614,0.909,0.51,1.526,1.41,1.118,1.293,1.692,1.623,1.894
french-guiana,-0.266,0.084,0.479,0.013,-0.047,-0.037,0.101,0.075,0.026,-0.007,0.228,-0.187,-0.187,0.454,0.065,-0.42,-0.129,0.033,-0.371,-0.319,-0.179,0.016,0.08,0.32,0.316,0.155,0.048,0.381,-0.273,-0.273,-0.016,0.615,0.179,-0.157,0.169,0.27,0.353,0.248,0.185,0.589,0.257,0.515,1.024,0.387,0.189,0.462,0.598,0.892,0.861,1.335,0.764,0.658,0.579,0.844,1.174,0.726,0.8,0.739,0.772,0.934
french-polynesia,-0.433,0.031,-0.014,0.237,-0.03,-0.151,-0.167,-0.047,-0.251,-0.004,0.191,-0.236,-0.288,0.497,0.258,-0.408,0.271,0.473,-0.284,-0.126,-0.124,0.171,-0.07,0.005,0.18,0.058,0.237,0.289,0.254,0.183,0.354,0.65,0.446,0.134,0.573,0.482,0.338,0.256,0.309,0.44,0.223,0.303,0.687,0.532,0.472,0.398,0.788,0.738,0.573,0.672,0.652,0.639,0.278,0.848,0.735,0.2,0.707,0.584,0.622,0.857
french-southern-and-antarctic-lands,0.041,-0.336,0.063,-0.195,0.285,-0.149,-0.12,-0.469,-0.659,-0.073,-0.225,-0.462,0.689,-0.012,0.04,0.203,-0.272,-0.025,-0.051,0.124,0.001,-0.001,0.37,0.236,0.298,0.222,0.469,-0.037,-0.064,0.036,0.188,0.306,-0.333,0.641,0.106,0.584,0.333,0.606,0.153,0.172,0.09,0.759,0.699,0.344,0.368,0.429,0.408,0.524,0.492,0.645,0.5,0.227,0.692,0.387,0.761,0.621,1.03,0.951,0.412,1.003
gabon,-0.242,-0.071,0.164,-0.213,-0.173,0.158,-0.129,-0.152,0.146,0.14,-0.092,0.063,0.479,-0.042,-0.02,-0.207,0.386,0.223,0.534,0.481,-0.014,-0.125,0.372,0.378,0.02,0.125,0.654,0.459,0.262,0.337,0.344,0.03,0.238,0.322,0.648,0.21,0.442,1.21,0.499,0.401,0.437,0.745,0.92,0.843,0.936,0.985,0.932,0.806,0.927,1.054,0.512,0.479,0.611,0.745,0.838,1.236,1.026,0.714,1.398,1.254
gambia,-0.017,0.103,0.133,-0.027,-0.448,0.083,-0.481,-0.386,0.673,0.45,-0.198,0.197,0.479,-0.405,-0.197,-0.26,0.64,0.263,0.686,0.747,0.675,0.155,1.152,0.409,0.286,0.398,1.081,0.728,0.578,1.056,0.698,0.746,0.872,0.57,0.805,1.105,1.164,1.409,0.418,0.618,1.165,1.189,0.788,0.864,1.251,0.891,1.04,1.032,0.578,1.349,0.917,0.853,1.052,1.04,0.931,1.469,1.489,0.875,1.225,1.711
gaza-strip,-0.133,-0.109,0.33,-0.737,0.864,-0.298,0.92,0.706,-0.615,0.016,0.59,-0.966,0.006,0.281,0.074,-0.41,-0.562,-0.231,-0.335,-0.412,-0.477,-0.128,0.132,0.552,-0.099,0.006,-0.775,-0.854,-0.326,0.191,-0.04,-0.091,0.007,-0.049,0.135,0.138,-0.945,0.09,0.652,0.136,0.651,-0.114,1.081,0.99,0.328,1.022,0.744,0.572,0.513,0.421,0.385,0.727,0.984,0.891,2.411,0.313,1.122,0.907,1.134,1.054
georgia,0.365,1.145,0.087,-0.844,-0.355,1.959,-0.676,0.182,-0.547,0.66,0.284,-0.562,-0.696,-0.294,0.217,-0.821,-0.237,-0.138,0.997,0.216,0.866,-0.638,0.03,-0.062,-0.205,0.24,-0.377,-0.344,0.358,0.297,0.274,-1.15,-1.086,0.173,0.875,0.584,0.005,1.369,1.215,0.837,1.248,0.615,0.157,0.602,0.713,0.861,0.828,0.611,0.851,2.515,-0.066,1.22,1.005,1.614,1.519,0.961,1.202,2.403,1.783,1.726
germany,0.857,-0.973,-1.055,-0.057,-0.626,0.387,0.761,0.036,-0.349,-0.421,0.298,-0.236,0.103,0.698,0.81,0.279,0.529,-0.342,-0.389,-0.519,0.041,0.781,0.899,-0.124,-0.663,-0.196,-0.656,0.93,1.36,1.362,0.2,1.204,0.335,1.558,0.758,-0.898,0.778,0.932,1.356,1.748,0.858,1.4,1.206,0.762,0.814,1.389,1.682,1.323,1.014,-0.348,1.544,0.932,0.552,2.225,1.784,1.427,1.443,2.3,2.108,2.217
ghana,-0.124,-0.184,0.106,-0.303,-0.202,0.099,-0.237,-0.065,0.277,0.284,-0.188,0.113,0.585,-0.074,-0.201,-0.375,0.284,0.089,0.441,0.385,0.334,0.111,0.735,0.538,0.273,0.212,1.038,0.559,0.297,0.637,0.341,0.186,0.447,0.383,0.696,0.594,0.548,1.185,0.524,0.494,0.683,0.803,1.004,0.921,1.102,1.07,0.951,0.751,0.855,1.176,0.816,0.602,0.731,0.79,0.934,1.22,1.124,0.95,1.149,1.059
greece,0.304,0.445,0.376,-0.287,-0.308,0.733,-0.127,0.12,0.02,0.154,-0.275,-0.202,-0.209,-0.255,-0.207,-0.739,0.321,-0.368,0.155,-0.409,-0.045,-0.201,-0.372,-0.108,0.201,0.142,-0.057,0.157,-0.027,0.572,-0.483,-0.148,0.116,1.063,0.172,-0.091,-0.174,0.548,1.018,0.715,0.963,0.692,0.502,0.458,0.19,0.222,1.093,1.125,1.025,1.458,0.396,1.24,1.355,1.218,0.992,1.249,0.893,1.617,1.496,1.311
greenland,-0.205,0.503,0.386,-0.031,0.939,-0.427,0.996,0.677,0.027,0.916,-0.393,-0.076,-0.564,-0.067,-0.255,-1.243,-0.335,-0.928,0.166,-1.145,0.377,0.191,-0.133,-0.189,0.946,-0.051,-0.64,-2.066,-0.944,0.809,0.209,-0.383,0.506,-1.075,-0.345,-0.028,-1.261,-0.982,-0.342,0.14,1.013,0.313,1.068,0.015,0.898,0.656,1.411,2.005,0.933,2.16,1.139,1.222,0.997,1.033,2.744,1.052,1.615,1.059,1.76,0.07
grenada,0.126,0.109,0.255,-0.103,-0.031,0.068,-0.249,-0.275,0.369,0.135,-0.333,-0.044,0.1,-0.26,-0.367,-0.291,0.162,0.238,0.221,0.382,0.497,0.148,0.401,-0.031,-0.248,-0.075,0.694,0.421,0.071,0.275,0.241,0.17,0.416,0.351,0.725,0.436,0.613,1.106,0.547,0.34,0.605,0.526,0.742,0.489,0.961,0.744,0.644,0.412,0.628,1.174,0.689,0.608,0.67,0.656,0.9,1.102,0.88,0.617,1.038,1.082
guadeloupe,-0.307,-0.083,0.354,0.119,0.21,0.017,0.109,0.217,0.035,-0.079,-0.038,-0.286,-0.231,0.261,0.099,-0.213,-0.035,0.243,-0.264,-0.284,-0.421,0.129,0.161,0.055,0.523,0.422,0.075,0.403,-0.083,-0.067,0.053,0.569,0.301,0.042,0.24,0.237,0.267,0.304,0.284,0.64,0.219,0.563,0.89,0.408,0.168,0.563,0.657,0.787,0.482,0.956,0.81,0.826,0.276,0.561,1.026,0.526,0.642,0.633,0.611,0.975
guam,-0.173,0.064,-0.162,-0.06,-0.194,0.071,-0.214,-0.163,0.096,0.105,0.045,-0.329,0.169,0.095,-0.103,-0.129,0.102,-0.105,0.063,0.234,0.447,-0.043,0.467,0.605,0.293,0.246,0.46,0.588,0.426,0.333,0.317,0.284,0.355,0.453,0.411,0.568,0.56,0.771,0.716,0.595,0.691,0.515,0.378,0.668,0.652,0.665,0.684,0.773,0.74,0.645,0.655,0.758,0.948,0.847,0.623,1.053,1.004,1.091,0.976,1.056
guatemala,0.013,-0.249,-0.181,0.072,-0.043,-0.245,-0.285,-0.433,0.345,-0.077,-0.123,0.276,0.207,-0.292,-0.002,-0.43,0.139,0.108,0.185,0.245,-0.033,0.341,0.513,-0.158,-0.073,-0.037,0.286,0.254,-0.102,0.171,0.441,0.329,0.23,0.491,0.584,0.002,0.581,0.84,-0.04,-0.109,0.171,0.409,0.578,0.316,0.378,0.262,0.306,0.012,0.339,0.104,0.234,0.232,0.47,0.326,0.91,0.933,0.583,0.508,1.059,1.241
guernsey,-0.719,0.488,0.023,0.981,0.293,0.687,-0.663,-1.215,-0.112,-0.453,0.48,0.119,-0.043,0.14,0.015,0.184,-0.319,0.077,0.084,0.379,0.522,0.027,-0.109,-0.45,-0.216,0.124,0.611,0.534,0.327,-0.339,-0.646,-0.343,0.541,1.329,1.302,-0.107,0.45,0.173,1.092,1.201,0.013,1.113,0.818,1.296,0.87,0.82,1.203,1.198,0.908,0.995,1.16,1.183,0.718,0.687,-0.106,1.428,0.591,0.366,1.576,1.182
guinea-bissau,-0.023,-0.058,0.11,-0.135,-0.401,0.001,-0.377,-0.309,0.485,0.291,-0.162,0.191,0.437,-0.272,-0.136,-0.228,0.532,0.155,0.604,0.723,0.46,0.221,0.936,0.364,0.319,0.345,0.897,0.7,0.543,0.92,0.801,0.653,0.847,0.567,0.801,1.029,0.985,1.237,0.54,0.589,1.049,1.118,0.673,0.828,1.238,0.831,1.001,1.064,0.543,1.257,0.874,0.798,0.931,0.916,0.963,1.374,1.405,1.019,1.219,1.538
guinea,-0.148,-0.152,0.146,-0.131,-0.285,0.004,-0.286,-0.039,0.371,0.244,-0.135,0.156,0.464,-0.174,-0.183,-0.308,0.347,0.178,0.523,0.694,0.432,0.101,0.732,0.354,0.34,0.227,0.974,0.611,0.338,0.638,0.716,0.441,0.733,0.476,0.762,0.988,0.893,1.254,0.531,0.58,0.938,1.029,0.806,0.839,1.174,0.895,1.021,0.889,0.821,1.143,0.858,0.584,0.792,0.705,0.944,1.19,1.259,1.085,1.205,1.226
guyana,-0.06,-0.056,0.03,0.178,0.075,0.22,-0.225,-0.309,0.521,-0.083,-0.483,-0.016,0.143,-0.24,-0.261,-0.118,0.2,0.158,0.297,0.324,0.175,0.224,0.559,-0.222,-0.24,-0.018,0.664,0.242,-0.107,0.364,0.183,0.348,0.095,0.288,0.927,0.513,0.668,1.081,0.427,0.294,0.528,0.614,0.888,0.759,0.913,0.638,0.614,0.423,0.925,0.965,0.699,0.707,0.688,0.938,1.076,1.178,0.974,0.768,0.958,1.005
haiti,0.093,-0.011,0.102,0.128,-0.127,-0.009,0.002,-0.008,0.257,-0.084,-0.294,-0.073,0.045,-0.347,-0.15,-0.224,0.204,0.161,-0.041,0.447,0.219,0.32,0.599,-0.029,-0.041,0.139,0.498,0.39,0.26,0.426,0.489,0.51,0.328,0.554,0.647,0.261,0.898,0.773,0.368,0.217,0.482,0.651,0.823,0.639,0.609,0.662,0.75,0.516,0.695,0.65,0.41,0.598,0.817,0.923,1.253,0.862,0.706,0.71,1.094,1.138
heard-island-and-mcdonald-islands,0.078,-0.337,0.043,-0.217,0.087,0.04,-0.292,-0.501,-0.645,-0.257,-0.053,-0.357,0.584,-0.107,0.089,0.246,-0.171,0.109,0.152,0.158,-0.113,-0.019,0.274,0.138,0.307,0.204,0.012,-0.051,-0.057,-0.08,0.227,0.184,0.059,0.535,0.158,0.753,0.088,0.152,0.128,0.276,0.202,0.621,0.662,0.238,0.432,0.484,0.413,0.702,0.534,0.487,0.383,0.199,0.687,0.168,0.616,0.379,0.741,1.177,0.259,0.922
honduras,-0.029,-0.245,-0.191,0.067,0.033,-0.181,-0.173,-0.358,0.212,-0.184,-0.186,0.214,0.241,-0.282,-0.111,-0.355,0.176,0.174,0.215,0.195,-0.086,0.206,0.7,-0.056,-0.014,-0.03,0.361,0.344,-0.045,0.166,0.371,0.463,0.274,0.622,0.824,0.056,0.803,1.087,0.138,0.089,0.178,0.419,0.466,0.439,0.625,0.528,0.356,0.051,0.422,0.168,0.389,0.355,0.633,0.579,1.098,0.947,0.625,0.529,1.082,1.285
hong-kong,-0.174,-0.267,0.089,0.292,0.269,0.116,-0.092,0.276,0.009,0.124,0.654,-0.246,-0.148,-0.364,-0.26,-0.352,-0.133,0.376,-0.244,-0.062,-0.484,0.309,-0.076,0.078,0.18,0.207,0.034,-0.068,-0.489,-0.225,-0.009,0.656,-0.092,0.128,0.311,0.488,-0.176,0.066,0.468,-0.22,0.095,0.229,0.949,0.602,0.407,0.564,0.799,0.642,0.439,0.32,0.814,0.833,0.163,0.641,0.461,0.065,0.516,0.449,0.617,1.223
hungary,0.737,-0.585,-0.557,-0.607,-0.771,0.691,0.438,0.318,-0.344,-0.246,0.055,0.3,-0.119,0.528,0.668,-0.294,0.398,-0.711,0.35,-1.003,0.196,0.308,0.732,-0.119,-0.784,-0.101,-0.374,0.36,0.796,0.962,-0.244,1.084,0.224,1.674,0.448,-0.536,-0.004,0.512,0.792,1.826,0.677,1.579,0.758,0.433,0.072,0.79,1.822,1.659,1.456,0.474,1.023,1.456,1.265,2.135,1.891,1.323,1.3,2.307,2.325,1.703
iceland,0.484,-0.018,-0.015,0.857,-0.282,-0.82,-0.757,-0.681,-1.036,-0.656,-0.358,0.903,-0.603,0.7,-0.272,0.492,-0.127,0.015,-1.671,0.04,-1.135,-0.386,-0.879,0.31,-0.312,-0.239,0.951,-0.512,-0.342,0.059,0.866,0.093,0.001,-0.154,-0.683,0.632,0.516,-0.133,0.055,0.401,0.676,0.917,1.619,1.245,0.525,1.082,0.942,0.644,0.885,1.097,0.708,0.904,0.567,1.737,0.302,1.61,1.348,1.009,1.044,0.738
india,-0.412,-0.392,-0.037,-0.07,0.004,0.309,-0.106,-0.208,0.434,-0.04,-0.536,0.105,0.208,-0.026,-0.31,0.055,0.119,-0.192,0.348,0.411,0.005,-0.006,-0.25,-0.026,0.275,0.113,0.542,0.49,-0.089,-0.071,0.081,0.018,0.173,0.059,0.224,0.226,-0.126,0.571,0.46,0.323,0.43,0.77,0.511,0.516,0.414,0.672,0.535,0.313,1.045,0.963,0.347,0.449,0.321,0.505,0.754,1.061,0.901,0.78,0.725,0.431
indonesia,-0.173,-0.129,-0.045,-0.051,-0.185,0.046,-0.1,0.042,0.227,0.164,-0.122,0.121,0.321,-0.035,-0.009,0.015,0.119,0.125,0.211,0.202,0.151,0.074,0.41,-0.098,0.076,0.158,0.474,0.389,0.182,0.39,0.258,0.288,0.265,0.203,0.369,0.361,0.498,0.9,0.294,0.329,0.479,0.678,0.608,0.587,0.669,0.569,0.475,0.27,0.661,0.758,0.446,0.538,0.751,0.728,0.829,1.224,0.8,0.821,0.96,1.012
iran,0.181,0.214,0.556,-0.776,0.045,0.683,-0.383,-0.128,-0.219,0.709,0.207,-1.298,0.043,-0.729,-0.234,-0.341,0.562,0.48,0.494,0.639,0.677,-0.44,0.19,-0.119,0.343,-0.089,0.621,0.668,0.106,0.625,0.232,-0.865,-0.059,0.572,0.591,0.371,0.471,1.352,1.35,1.089,1.618,1.3,1.051,1.301,0.966,1.355,0.87,1.012,1.184,2.19,1.056,0.978,1.397,1.146,1.757,1.812,1.682,2.092,1.466,1.112
iraq,-0.128,1.037,0.239,-0.716,0.07,0.995,-1.034,-0.109,0.294,0.429,-0.348,-0.982,-0.067,-0.441,-0.31,-0.555,0.134,0.26,1.045,0.123,0.296,-0.927,-0.625,-0.348,0.093,0.196,0.44,-0.103,0.093,0.294,0.168,-1.38,-0.27,0.537,0.246,0.894,-0.209,1.361,1.383,0.739,1.187,0.681,0.812,0.708,0.602,0.826,0.902,0.933,0.847,2.507,0.454,1.258,0.687,1.421,1.577,1.558,1.699,2.031,1.462,1.801
ireland,0.21,-0.564,-0.8,0.197,-0.502,0.024,-0.079,-0.042,-0.25,0.047,0.516,-0.327,0.277,-0.039,0.536,0.318,0.073,0.125,-0.652,0.012,0.067,0.317,0.545,0.222,-0.444,-0.798,-0.103,0.345,0.731,0.795,0.312,0.291,0.139,0.378,0.99,0.06,1.168,0.962,0.963,0.609,0.518,0.908,0.985,0.918,1.074,1.148,1.345,0.656,0.644,-0.18,0.876,0.608,0.615,1.283,0.595,0.885,1.114,0.903,1.029,0.988
isle-of-man,-0.328,0.549,-0.04,1.024,0.275,0.328,-0.726,-0.897,0.051,-0.51,-0.039,0.127,-0.064,-0.259,0.112,0.517,-0.193,0.196,0.058,0.494,0.41,0.03,-0.095,-0.728,0.018,-0.21,0.324,0.448,0.349,-0.541,-0.731,-0.375,0.391,0.92,1.003,0.226,0.392,-0.069,0.356,0.917,-0.173,1.039,0.86,1.007,0.74,0.46,1.013,1.054,1.086,1.069,1.317,1.309,0.706,0.768,-0.379,1.213,0.447,0.44,1.562,0.775
israel,-0.311,0.822,0.672,-0.606,0.027,0.602,-0.929,-0.085,0.243,-0.022,-0.43,-0.55,-0.262,-0.355,-0.417,-0.462,-0.11,0.076,0.541,-0.075,-0.066,-0.759,-0.902,-0.407,0.128,-0.076,-0.123,-0.026,-0.178,0.079,0.008,-1.031,-0.053,0.475,-0.023,0.503,-0.266,0.933,0.818,0.159,0.854,0.612,0.455,0.373,0.366,0.304,0.618,0.85,0.755,2.287,0.225,1.007,0.846,1.077,1.031,1.417,1.03,1.748,1.057,1.424
italy,0.793,-0.144,-0.237,0.179,-0.403,0.161,0.289,-0.003,-0.25,-0.022,-0.089,-0.159,-0.044,-0.043,0.09,-0.343,0.206,-0.489,0.019,-0.667,-0.137,0.532,0.297,-0.403,0.199,0.257,0.314,0.667,0.495,0.847,0.011,0.732,0.542,1.433,0.366,0.144,0.988,0.795,0.934,1.282,1.103,1.12,1.43,0.704,0.224,0.97,1.267,1.034,1.193,0.45,1.318,1.293,0.982,1.584,1.644,1.425,1.403,1.813,1.663,1.688
jamaica,0.17,-0.16,-0.165,0.115,-0.025,-0.138,-0.075,-0.032,0.271,-0.161,-0.184,0.056,0.013,-0.116,-0.007,-0.116,0.237,0.198,-0.058,0.155,0.136,0.25,0.53,-0.074,-0.181,-0.015,0.641,0.439,0.174,0.388,0.5,0.502,0.369,0.656,0.768,0.031,0.635,0.833,0.236,0.133,0.4,0.594,0.709,0.49,0.567,0.571,0.478,0.287,0.546,0.477,0.439,0.507,0.691,0.72,0.982,0.969,0.776,0.925,1.166,1.231
japan,0.78,0.193,0.02,0.094,-0.565,-0.114,0.012,-0.071,-0.401,-0.32,-0.266,0.357,0.158,-0.469,0.071,-0.51,-0.06,0.238,0.575,-0.455,-0.634,0.065,-0.149,-0.621,0.017,-0.578,0.273,-0.307,0.634,1.341,0.647,0.301,-0.118,1.053,0.281,-0.097,0.556,1.086,0.907,0.658,0.26,0.652,0.32,1.248,0.399,0.575,0.994,0.685,0.738,1.031,0.512,0.338,0.704,0.466,1.092,1.172,0.542,1.124,1.273,1.347
jersey,-0.719,0.488,0.023,0.981,0.293,0.687,-0.663,-1.215,-0.112,-0.453,0.48,0.119,-0.043,0.14,0.015,0.184,-0.319,0.077,0.084,0.379,0.522,0.027,-0.109,-0.45,-0.216,0.124,0.611,0.534,0.327,-0.339,-0.646,-0.343,0.541,1.329,1.302,-0.107,0.45,0.173,1.092,1.201,0.013,1.113,0.818,1.296,0.87,0.82,1.203,1.198,0.908,0.995,1.16,1.183,0.718,0.687,-0.106,1.428,0.591,0.366,1.576,1.182
jordan,-0.369,0.983,0.664,-0.666,0.098,0.695,-1.099,-0.137,0.321,-0.002,-0.495,-0.697,-0.2,-0.368,-0.527,-0.555,-0.038,0.154,0.662,0.01,-0.036,-0.914,-0.865,-0.545,0.053,-0.019,0.103,-0.0,-0.14,0.123,0.112,-1.137,-0.075,0.463,0.078,0.672,-0.339,1.06,0.863,0.205,0.886,0.525,0.423,0.433,0.31,0.302,0.597,0.714,0.615,2.426,0.202,1.062,0.745,1.024,1.079,1.458,1.17,1.763,1.14,1.554
kazakhstan,0.846,1.066,1.173,-0.531,0.727,0.261,0.424,-0.12,-1.712,0.04,0.803,-1.103,0.545,-0.23,0.995,-1.047,0.609,0.533,0.629,0.201,1.222,0.729,2.101,-0.661,0.03,0.211,-0.036,0.868,1.062,1.195,1.077,0.345,-0.805,0.073,1.856,-0.394,1.551,0.698,1.441,1.255,1.306,1.832,0.663,1.92,1.56,1.442,1.767,1.648,0.965,1.292,0.27,0.756,2.186,0.325,1.836,1.718,1.511,0.248,1.709,2.079
kenya,0.074,-0.22,-0.301,-0.463,-0.182,0.023,-0.145,-0.583,0.148,0.178,-0.229,0.313,0.492,-0.023,0.03,0.274,0.239,0.039,0.141,0.638,0.247,0.407,0.814,0.324,0.155,0.387,1.023,0.678,0.051,0.148,0.462,0.518,0.284,0.557,0.546,0.477,0.62,0.512,0.331,0.72,0.612,0.857,1.007,0.918,1.27,1.015,1.0,0.912,1.423,1.188,1.109,1.035,0.843,1.066,1.317,1.158,1.215,0.571,1.331,1.173
kingman-reef,-0.409,0.066,0.151,0.232,0.052,0.126,-0.078,0.228,-0.32,-0.136,0.226,0.161,0.235,0.374,-0.06,-0.531,0.057,-0.347,-0.122,-0.515,-0.286,0.578,0.234,0.198,0.474,0.228,0.422,0.259,0.042,0.046,0.515,0.594,0.192,-0.052,0.332,0.55,0.479,0.357,0.551,0.697,0.683,0.761,0.652,0.18,0.291,0.69,0.849,0.957,0.834,1.067,0.942,0.623,0.276,0.79,0.46,0.391,0.435,0.775,1.059,1.343
kiribati,0.124,-0.024,0.243,-0.383,-0.032,0.249,0.118,0.045,0.465,-0.006,-0.623,0.065,-0.213,-0.129,-0.33,-0.178,0.602,0.214,0.298,0.495,0.172,0.51,0.489,0.091,0.099,0.419,0.856,0.197,-0.101,0.282,0.562,0.459,0.397,0.507,0.74,0.659,0.858,,0.276,0.394,0.723,0.993,1.072,1.036,1.276,1.23,0.689,0.264,,0.554,0.402,0.671,0.98,1.206,1.606,1.106,1.076,1.299,1.512,1.252
kuwait,-0.324,0.813,0.161,-0.747,0.23,0.84,-0.874,-0.005,0.368,0.327,-0.243,-0.987,0.098,-0.315,-0.313,-0.329,0.317,0.157,0.794,0.315,0.334,-0.623,-0.571,-0.374,-0.085,0.01,0.662,0.14,-0.132,0.403,0.033,-1.061,-0.078,0.493,0.072,0.884,-0.056,1.292,1.473,0.953,1.255,1.0,1.202,0.916,0.8,1.1,1.078,0.997,1.136,2.349,0.725,1.311,0.76,1.326,1.747,1.621,1.851,2.231,1.648,1.695
kyrgyzstan,0.099,0.088,0.859,-0.703,0.368,0.158,-0.236,0.023,-0.528,0.327,0.769,-0.923,0.701,-0.443,-0.065,-0.044,0.68,0.548,0.55,1.13,0.528,0.032,0.725,-0.39,0.277,0.198,0.293,0.767,-0.258,1.01,0.373,0.248,-0.249,0.354,0.561,-0.063,1.456,1.024,1.128,1.215,1.419,1.477,0.744,1.742,1.254,1.728,1.812,1.357,1.083,1.449,1.047,0.368,1.604,0.453,1.671,1.945,1.182,1.033,1.665,1.064
laos,0.142,-0.272,-0.227,-0.051,0.21,0.634,-0.409,0.011,0.206,0.016,-0.728,0.032,0.204,-0.267,-0.065,-0.292,-0.022,0.033,0.374,0.431,0.237,0.124,0.244,0.009,0.071,-0.014,0.625,0.345,0.14,0.365,0.61,0.097,0.129,0.487,0.33,0.052,0.358,1.193,0.219,0.132,0.494,0.573,0.712,0.206,0.715,0.763,0.502,-0.102,0.595,1.187,-0.126,1.041,0.55,0.759,1.218,1.104,0.78,0.749,1.641,1.331
latvia,1.446,-0.336,-0.837,0.049,-0.686,-0.412,0.652,-0.237,-1.287,-0.629,0.634,0.93,0.589,1.152,2.022,-1.055,-0.03,-0.834,-0.238,-0.656,0.378,0.648,1.45,0.734,-1.198,0.051,-1.451,0.791,2.274,2.004,1.347,1.591,0.276,0.572,1.207,-0.412,0.871,0.634,1.74,2.13,1.189,1.516,0.889,0.955,0.958,1.57,1.877,2.257,1.131,0.263,1.838,0.692,1.519,1.939,2.418,1.678,1.462,2.154,2.684,3.315
lebanon,-0.133,0.89,0.565,-0.635,-0.067,0.665,-0.972,-0.038,0.174,0.157,-0.372,-0.72,-0.265,-0.269,-0.364,-0.551,-0.108,0.153,0.518,-0.188,0.117,-0.745,-0.783,-0.347,0.152,0.019,-0.192,-0.146,-0.01,0.085,0.026,-1.144,-0.127,0.619,0.066,0.515,-0.324,0.978,0.909,0.298,1.006,0.597,0.492,0.375,0.369,0.296,0.724,0.918,0.817,2.291,0.197,0.988,0.866,1.173,0.98,1.383,1.093,1.821,1.172,1.505
lesotho,0.305,0.403,-0.01,-0.134,0.033,0.387,-0.122,-0.275,0.547,0.494,0.041,0.141,0.072,-0.218,-0.304,-0.436,0.404,-0.05,0.375,0.208,-0.363,0.421,0.984,0.433,0.725,0.575,0.757,0.126,0.007,0.324,0.45,1.113,0.815,0.126,0.519,-0.048,0.213,0.748,1.188,0.183,0.533,0.612,0.963,0.888,0.973,0.341,0.84,0.753,0.605,1.265,0.29,0.582,0.697,0.713,1.584,1.349,0.755,0.808,1.579,0.604
liberia,-0.065,-0.147,0.148,-0.174,-0.28,0.031,-0.241,-0.035,0.133,0.221,-0.146,0.141,0.527,0.001,-0.12,-0.293,0.276,0.165,0.454,0.364,0.298,0.109,0.448,0.283,0.136,0.069,0.948,0.567,0.345,0.474,0.499,0.379,0.562,0.538,0.768,0.792,0.779,1.202,0.616,0.514,0.793,0.756,0.905,0.833,1.053,0.988,0.934,0.912,1.157,1.169,0.838,0.613,0.71,0.673,0.865,1.054,1.107,0.942,1.1,1.108
libya,-0.652,0.177,0.62,-0.26,-0.372,0.049,-0.459,-0.034,0.637,-0.236,-0.287,0.019,-0.147,-0.194,-0.304,-0.267,0.107,0.105,0.271,0.009,0.24,0.024,-0.27,0.005,0.243,0.036,0.232,0.615,0.193,0.505,0.177,-0.126,0.472,0.424,0.585,0.714,0.48,0.74,1.157,0.349,0.954,0.83,0.8,0.684,0.732,0.744,0.734,0.872,0.843,2.042,0.485,0.903,1.142,1.239,0.735,1.681,0.537,1.796,0.966,1.174
liechtenstein,1.13,-0.872,-0.713,0.239,-0.685,0.361,0.456,-0.02,-0.269,-0.314,0.101,-0.07,-0.221,0.397,0.409,0.137,0.578,-0.375,0.089,-0.547,0.04,0.798,0.894,-0.296,-0.195,0.149,0.012,0.918,1.215,1.107,0.161,1.209,0.645,1.898,0.604,-0.235,1.119,0.94,0.79,1.537,0.841,1.601,1.41,0.647,0.25,1.2,1.545,1.18,1.129,0.054,1.865,1.19,0.77,2.117,2.007,1.587,1.446,2.33,1.876,2.063
lithuania,1.195,-0.484,-0.736,-0.155,-0.813,0.041,0.895,-0.125,-1.347,-0.605,0.705,0.77,0.545,0.955,2.014,-0.991,0.129,-0.65,-0.371,-0.889,0.378,0.714,1.506,0.625,-1.132,-0.022,-1.452,0.671,2.153,1.998,1.101,1.484,0.264,0.829,1.034,-0.578,0.734,0.673,1.686,2.114,1.143,1.689,0.814,0.805,0.883,1.366,1.866,2.16,1.064,0.293,1.61,0.702,1.355,1.884,2.323,1.65,1.512,2.184,2.797,3.134
luxembourg,0.887,-1.06,-1.226,0.101,-0.543,0.467,0.461,-0.174,-0.07,-0.158,0.166,-0.311,0.103,0.524,0.512,0.749,0.44,-0.441,-0.433,-0.373,0.07,0.811,0.734,-0.019,-0.744,-0.297,-0.471,0.89,1.283,1.216,0.16,0.964,0.364,1.538,1.066,-0.629,0.889,0.723,1.292,1.528,0.945,1.447,1.464,0.678,0.999,1.458,1.482,0.864,1.023,-0.173,1.774,0.888,0.391,2.031,1.547,1.155,1.432,2.17,1.86,2.336
macau,-0.157,-0.273,0.107,0.305,0.28,0.165,-0.039,0.32,-0.015,0.164,0.707,-0.273,-0.115,-0.381,-0.268,-0.364,-0.178,0.385,-0.285,-0.116,-0.534,0.309,-0.095,0.073,0.223,0.275,0.045,-0.115,-0.528,-0.247,0.045,0.72,-0.068,0.151,0.354,0.551,-0.211,0.031,0.428,-0.275,0.037,0.219,0.895,0.573,0.367,0.518,0.744,0.65,0.389,0.321,0.811,0.813,0.071,0.61,0.458,0.018,0.504,0.479,0.649,1.29
macedonia,0.374,0.147,0.164,-0.22,-0.347,0.718,-0.096,0.184,-0.18,0.01,-0.228,-0.032,-0.422,-0.09,-0.098,-0.761,0.58,-0.48,0.25,-0.568,-0.165,0.114,-0.212,-0.095,-0.028,0.099,0.174,0.19,0.108,0.775,-0.517,0.29,0.37,1.54,0.054,-0.062,-0.085,0.484,0.907,1.066,1.018,0.87,0.676,0.588,0.044,0.301,1.425,1.453,1.196,1.36,0.674,1.289,1.524,1.443,1.35,1.325,1.18,1.816,1.828,1.427
madagascar,0.573,-0.033,-0.29,-0.328,-0.474,0.116,0.355,-0.341,0.471,0.126,-0.287,-0.044,-0.046,-0.354,-0.298,0.002,0.442,0.516,0.258,0.248,0.158,0.218,0.482,-0.104,0.112,-0.03,0.665,0.55,0.194,0.243,0.473,0.404,0.433,0.463,0.587,0.462,0.717,0.908,0.558,0.552,0.791,0.814,0.863,0.663,0.827,0.987,0.899,0.535,0.837,1.062,0.933,0.624,0.496,0.641,0.837,0.772,1.056,0.831,1.313,0.949
malawi,0.149,-0.126,-0.402,-0.273,-0.519,0.193,0.046,-0.251,0.317,0.085,-0.265,0.063,0.169,-0.301,-0.085,-0.054,0.444,0.172,0.156,0.213,-0.032,0.175,0.995,0.275,-0.033,0.091,0.859,0.617,0.22,0.765,0.418,1.01,0.488,0.552,0.875,0.542,0.62,1.004,0.269,0.482,0.73,0.848,0.828,0.564,1.322,0.734,0.822,0.53,0.584,0.913,0.94,0.799,0.695,1.004,1.225,1.374,1.038,0.914,1.144,1.151
malaysia,-0.048,-0.146,-0.058,-0.041,-0.139,0.142,-0.132,0.017,0.225,0.122,-0.24,0.178,0.183,-0.209,-0.134,-0.129,0.116,0.168,0.196,0.167,0.165,0.163,0.526,-0.047,0.134,0.19,0.491,0.353,0.105,0.425,0.334,0.324,0.23,0.3,0.38,0.294,0.595,1.042,0.31,0.369,0.47,0.727,0.601,0.607,0.725,0.617,0.506,0.336,0.658,0.867,0.525,0.664,0.785,0.787,0.962,1.281,0.823,0.865,1.117,0.981
mali,-0.106,-0.063,0.248,0.017,-0.391,0.337,-0.319,-0.034,0.571,0.327,-0.042,-0.002,0.257,-0.505,-0.38,-0.688,0.28,0.356,0.493,0.728,0.477,0.009,0.896,0.512,0.405,0.145,1.31,0.47,0.431,0.862,0.562,0.159,0.755,0.183,0.71,1.134,0.765,1.218,0.398,0.738,0.822,1.113,1.075,1.211,1.189,0.84,0.785,0.586,1.039,1.746,1.051,0.56,0.962,0.841,0.873,1.35,1.244,0.974,1.088,1.343
malta,0.424,0.163,0.152,0.087,-0.097,0.024,0.105,0.172,-0.223,0.063,-0.28,-0.123,-0.049,-0.31,-0.142,-0.62,0.388,-0.39,0.094,-0.609,-0.043,0.574,0.072,-0.146,0.472,0.225,0.608,0.904,0.471,0.942,-0.016,0.277,0.565,1.294,0.496,0.501,0.918,0.689,1.381,1.178,1.479,1.11,1.26,0.654,0.423,0.988,1.144,1.164,1.007,1.136,0.803,1.319,1.247,1.464,1.262,1.656,1.044,1.381,1.15,1.503
martinique,-0.291,-0.2,0.355,0.073,0.195,0.028,0.098,0.204,-0.011,0.044,-0.033,-0.308,-0.259,0.292,0.093,-0.222,0.019,0.171,-0.216,-0.288,-0.415,0.072,0.178,0.164,0.5,0.386,0.104,0.322,-0.106,-0.096,-0.006,0.591,0.283,0.023,0.206,0.194,0.268,0.281,0.25,0.61,0.247,0.564,0.891,0.435,0.181,0.513,0.558,0.698,0.466,0.978,0.802,0.765,0.271,0.555,1.094,0.572,0.667,0.631,0.546,0.948
mauritania,0.343,0.169,0.065,0.222,-0.383,0.515,-0.373,-0.117,0.448,0.642,-0.421,-0.444,0.138,-0.633,-0.374,-0.929,0.452,0.335,0.773,0.683,0.883,0.058,1.427,0.386,0.448,0.007,1.63,0.477,0.872,1.102,0.58,0.439,0.458,0.688,0.988,1.338,1.031,1.503,0.406,0.99,1.268,1.109,1.012,1.237,1.2,1.055,0.889,0.943,1.073,2.088,1.309,0.672,1.238,1.058,1.302,1.582,1.71,0.826,1.189,1.532
mauritius,0.44,-0.366,-0.411,-0.501,-0.369,0.061,0.125,-0.446,0.484,0.21,-0.261,0.221,0.13,-0.513,-0.031,0.273,0.621,0.435,0.381,0.282,0.267,0.174,0.103,-0.02,0.079,0.125,0.741,0.56,0.185,0.281,0.55,0.149,0.248,0.533,0.395,0.238,0.523,0.835,0.464,0.402,0.883,0.801,0.945,0.703,0.673,0.857,0.839,0.66,1.068,1.143,0.97,0.732,0.637,0.95,1.005,0.735,1.107,0.985,1.328,0.584
mayotte,-0.305,0.041,0.303,-0.086,0.028,0.482,0.032,-0.246,-0.227,-0.432,0.242,0.212,-0.354,0.391,0.177,-0.545,-0.013,0.094,-0.398,-0.173,-0.088,0.428,0.147,0.211,0.183,0.158,0.404,0.295,-0.246,0.012,0.221,0.572,0.524,-0.025,0.331,0.331,0.345,0.38,0.543,0.457,0.086,0.598,0.965,0.551,0.265,0.63,0.95,0.697,0.531,0.808,0.688,0.787,0.435,0.771,0.972,0.724,0.522,0.618,0.555,0.82
mexico,-0.018,0.27,0.195,-0.142,0.016,-0.35,-0.091,-0.436,0.211,-0.222,-0.095,0.273,-0.26,-0.12,-0.309,-0.611,0.068,-0.022,-0.181,0.253,0.022,0.293,-0.124,-0.268,-0.177,0.046,-0.309,-0.025,0.158,0.147,0.051,-0.163,0.118,0.545,0.566,0.32,0.056,0.567,0.169,0.305,0.239,0.361,0.414,-0.036,0.411,0.467,0.132,0.088,0.488,-0.236,0.46,0.536,0.217,0.405,0.588,0.782,0.928,0.605,0.836,1.114
moldova,0.634,0.297,-0.414,-0.294,-0.742,1.195,0.389,0.29,-0.946,0.387,0.17,0.218,-0.29,0.25,1.222,-1.004,0.212,-0.633,0.413,-1.037,0.321,0.258,0.878,-0.074,-1.435,0.01,-1.205,-0.214,1.355,1.655,0.008,0.518,-0.356,1.475,0.288,-0.623,-0.464,0.332,1.378,1.477,0.871,1.253,0.198,0.726,0.61,0.311,2.075,1.527,1.459,1.037,0.634,1.396,1.366,1.185,2.022,1.543,1.472,1.495,2.347,2.581
monaco,0.971,-0.254,-0.685,0.44,-0.404,0.18,0.408,-0.076,-0.391,0.022,0.037,-0.186,0.097,0.075,0.052,0.012,-0.063,-0.429,0.123,-0.468,0.039,0.703,0.429,-0.497,-0.034,0.346,0.322,0.673,1.056,1.105,0.471,0.86,0.438,1.454,0.649,0.163,1.307,0.777,0.88,1.128,1.067,1.132,1.556,0.805,0.416,1.343,1.344,0.865,1.3,0.05,1.573,1.184,0.612,1.629,1.718,1.329,1.505,1.892,1.788,1.776
mongolia,0.306,0.344,1.017,-0.192,0.712,0.02,-0.338,-0.424,-0.967,-0.425,-0.014,0.362,0.791,-0.323,0.596,-0.284,0.314,0.827,0.969,0.192,0.1,1.094,0.507,-0.806,-0.343,0.401,0.313,0.519,1.349,1.354,0.787,0.763,0.306,1.252,1.326,0.449,1.831,2.148,1.695,0.773,1.37,1.717,0.641,1.802,0.609,1.522,2.583,1.673,1.196,0.42,0.49,-0.014,1.442,1.652,2.129,1.329,2.381,1.701,1.998,1.94
montenegro,0.458,-0.008,0.116,-0.218,-0.355,0.437,-0.008,0.063,-0.245,-0.079,-0.172,-0.01,-0.31,-0.057,0.04,-0.802,0.442,-0.566,0.271,-0.723,-0.153,0.431,-0.011,-0.187,-0.007,0.364,0.226,0.365,0.233,0.897,-0.286,0.602,0.466,1.513,0.081,0.019,0.283,0.65,0.923,1.254,1.034,1.188,1.034,0.641,-0.032,0.417,1.399,1.386,1.22,1.028,1.123,1.443,1.532,1.578,1.622,1.35,1.283,2.078,1.92,1.528
montserrat,-0.311,-0.054,0.353,0.13,0.214,0.015,0.112,0.22,0.047,-0.11,-0.039,-0.281,-0.223,0.254,0.1,-0.211,-0.048,0.261,-0.276,-0.283,-0.423,0.143,0.157,0.028,0.529,0.431,0.067,0.423,-0.077,-0.06,0.068,0.564,0.306,0.047,0.248,0.247,0.267,0.31,0.293,0.647,0.213,0.563,0.889,0.402,0.165,0.576,0.682,0.809,0.486,0.95,0.812,0.841,0.277,0.562,1.009,0.515,0.635,0.633,0.626,0.982
morocco,0.855,0.291,0.029,0.311,-0.081,0.352,-0.079,-0.099,0.024,0.29,-0.741,-1.125,-0.051,-0.446,-0.288,-0.644,0.055,0.274,0.317,0.464,0.66,0.016,0.998,0.142,0.664,0.109,1.205,0.52,0.918,1.002,0.044,0.126,-0.143,0.845,1.196,0.746,1.16,1.228,0.735,0.911,1.473,1.134,1.219,1.033,1.061,1.204,0.836,0.889,1.381,1.914,1.266,1.099,1.125,1.276,1.306,1.485,1.821,0.488,1.097,1.709
mozambique,0.221,0.032,-0.393,-0.257,-0.476,0.182,0.051,-0.289,0.295,0.24,-0.168,-0.079,0.145,-0.226,-0.151,-0.081,0.428,0.194,0.166,0.137,-0.23,0.096,0.864,0.209,0.048,0.154,0.826,0.502,0.251,0.566,0.423,1.12,0.519,0.305,0.81,0.486,0.544,1.054,0.394,0.421,0.723,0.857,0.823,0.553,1.274,0.764,0.718,0.495,0.604,0.959,0.788,0.758,0.555,0.79,1.185,1.277,0.82,0.851,1.208,0.971
namibia,0.271,0.203,0.008,0.008,0.003,0.22,-0.161,-0.136,0.231,0.405,-0.024,0.213,0.507,-0.693,-0.05,-0.566,0.129,-0.083,0.314,0.193,0.12,0.291,0.635,0.808,0.347,0.49,0.933,0.544,0.194,0.788,0.282,0.766,0.681,0.419,1.081,0.484,0.498,1.318,1.143,0.665,0.815,1.091,1.491,0.966,1.191,0.298,1.023,0.74,0.617,1.007,-0.035,0.262,0.915,0.49,1.35,1.668,0.955,1.524,2.03,0.973
nepal,-0.219,-0.33,-0.198,0.079,-0.208,0.346,-0.237,-0.478,0.227,-0.156,-0.775,-0.07,0.182,0.056,-0.159,0.052,0.041,-0.265,0.36,0.285,-0.069,-0.117,-0.423,0.175,0.478,-0.108,0.445,0.538,-0.101,0.028,-0.019,-0.09,0.15,0.311,0.342,0.345,-0.487,0.499,0.863,0.127,0.493,0.588,0.43,0.575,0.721,1.045,0.688,0.495,1.205,1.246,0.299,0.425,0.222,0.525,0.654,1.239,1.095,0.648,0.715,0.324
netherlands-(europe),0.746,-1.061,-1.351,-0.092,-0.563,0.198,0.646,-0.079,-0.1,-0.216,0.286,-0.286,0.216,0.508,0.668,0.539,0.415,-0.293,-0.762,-0.163,-0.008,0.712,0.726,0.069,-0.829,-0.423,-0.615,0.932,1.342,1.379,0.116,1.149,0.219,1.231,0.97,-0.907,0.768,0.893,1.474,1.489,0.952,1.392,1.073,0.961,1.169,1.649,1.747,1.138,1.025,-0.462,1.464,0.804,0.284,2.22,1.391,1.314,1.468,1.911,1.796,2.203
netherlands,0.727,-1.033,-1.316,-0.089,-0.551,0.196,0.626,-0.078,-0.087,-0.207,0.27,-0.278,0.213,0.485,0.649,0.518,0.412,-0.28,-0.739,-0.15,-0.001,0.696,0.72,0.066,-0.82,-0.42,-0.589,0.909,1.304,1.345,0.117,1.132,0.221,1.205,0.958,-0.877,0.762,0.894,1.444,1.457,0.946,1.379,1.069,0.948,1.157,1.628,1.724,1.121,1.018,-0.429,1.439,0.796,0.295,2.181,1.378,1.305,1.453,1.877,1.776,2.175
new-caledonia,0.044,-0.273,0.219,-0.174,-0.231,-0.062,0.058,-0.197,0.196,-0.714,-0.638,0.103,-0.429,-0.068,0.38,0.099,-0.195,0.884,0.16,0.342,0.142,-0.174,0.07,0.001,0.087,0.207,-0.154,0.399,0.292,0.289,0.102,0.038,0.926,0.309,0.542,-0.005,0.077,-0.086,-0.194,0.844,0.754,0.329,1.439,0.688,0.423,0.638,0.619,0.42,0.517,0.518,0.349,0.928,0.846,0.461,1.059,0.734,0.514,0.436,0.542,0.549
new-zealand,-0.066,0.508,-0.421,-0.352,-0.525,-0.251,-0.165,-0.208,-0.211,0.485,0.682,-0.082,0.322,0.464,0.358,-0.439,-0.467,0.466,0.238,-0.05,0.445,-0.308,-0.387,0.317,0.408,0.306,0.366,0.527,0.7,0.653,-0.113,-0.709,-0.386,-0.044,0.222,0.119,-0.023,1.049,1.016,0.525,0.619,0.369,0.263,-0.194,0.742,0.043,0.446,0.542,-0.021,0.707,0.536,0.158,0.931,0.416,0.411,1.081,0.772,1.008,0.965,0.778
nicaragua,-0.041,-0.232,-0.103,-0.106,0.013,-0.049,-0.156,-0.358,0.136,-0.231,-0.34,0.218,0.222,-0.281,-0.234,-0.176,0.288,0.123,0.176,0.212,-0.079,0.275,0.727,-0.017,-0.111,-0.012,0.697,0.324,-0.049,0.184,0.411,0.489,0.356,0.59,0.712,0.079,0.763,1.167,0.175,0.082,0.157,0.431,0.625,0.52,0.587,0.569,0.528,0.06,0.475,0.266,0.278,0.432,0.639,0.762,1.17,0.924,0.597,0.624,1.086,1.139
niger,-1.053,-0.029,0.42,-0.238,-0.359,0.036,-0.182,-0.032,0.961,-0.102,-0.018,0.313,0.433,-0.337,-0.28,0.135,-0.384,0.307,0.483,0.407,0.137,0.248,0.123,0.399,0.284,0.552,0.787,0.463,-0.178,0.722,0.514,-0.174,0.55,0.15,0.736,0.853,0.767,0.892,0.777,0.414,0.538,0.665,0.803,0.829,1.149,0.897,0.87,0.475,1.353,1.772,0.988,0.798,0.966,1.131,0.796,1.466,0.825,1.159,1.08,1.176
nigeria,-0.436,-0.092,0.267,-0.191,-0.157,0.003,-0.198,0.002,0.425,0.14,-0.002,0.149,0.759,-0.141,-0.227,0.032,0.118,0.02,0.359,0.321,0.16,0.232,0.394,0.516,0.324,0.418,0.972,0.464,-0.269,0.734,0.401,0.021,0.482,0.215,0.543,0.574,0.55,1.025,0.751,0.362,0.439,0.829,0.932,0.87,1.187,1.109,1.0,0.744,1.192,1.227,0.851,0.723,0.968,0.875,0.974,1.202,1.042,0.925,1.103,1.096
niue,-0.02,-0.11,-0.07,0.103,0.034,0.084,-0.207,-0.144,0.03,-0.559,-0.142,-0.233,-0.136,-0.096,0.205,0.05,-0.069,0.546,0.202,0.217,-0.09,-0.117,-0.073,-0.035,0.103,-0.018,-0.07,0.145,0.164,0.133,-0.02,-0.23,0.55,0.114,0.353,0.323,0.228,-0.053,0.026,0.447,0.447,0.031,0.67,0.35,0.498,0.501,0.739,0.319,0.474,0.489,0.325,0.803,0.395,-0.117,0.737,0.668,0.433,0.702,0.259,-0.069
north-korea,0.805,0.063,-0.233,0.145,-0.358,-0.215,-0.058,0.091,-0.825,-0.354,-0.237,0.015,0.365,-0.43,0.816,-0.25,0.363,0.528,0.71,-0.536,-0.254,0.719,0.518,-0.225,-0.14,-0.304,0.169,0.451,1.283,1.252,0.611,0.71,0.375,1.386,0.625,0.322,0.898,1.783,1.28,0.499,0.746,0.887,1.07,1.491,0.377,1.008,1.581,1.373,0.86,0.44,0.474,0.198,0.627,1.362,1.497,1.303,1.109,1.024,1.777,1.753
northern-mariana-islands,-0.171,0.132,0.014,0.259,-0.056,-0.175,0.031,-0.242,-0.146,-0.099,0.025,-0.162,-0.213,-0.062,-0.035,0.007,-0.261,0.16,0.137,-0.09,-0.066,0.141,-0.076,0.126,0.236,0.333,-0.016,0.505,0.535,0.168,0.163,0.264,0.472,0.301,0.187,0.14,0.111,0.21,0.312,0.244,0.357,0.328,0.61,0.58,0.496,0.589,0.413,0.285,0.562,0.518,0.515,0.53,0.625,0.587,0.476,0.505,0.578,0.788,0.648,0.433
norway,0.919,-0.793,-0.432,0.36,-0.603,-1.285,0.174,-1.011,-0.386,-0.475,-0.043,1.209,0.241,1.415,0.809,-0.014,-0.292,-0.702,-0.759,-0.418,-0.892,0.29,0.421,1.092,-0.815,-0.29,-0.68,0.055,1.326,1.842,0.94,1.068,0.209,0.292,0.329,0.074,0.842,0.287,1.12,1.66,0.527,1.202,1.084,1.317,1.602,1.972,1.478,1.372,1.088,-0.538,1.849,0.861,1.171,2.199,1.917,2.061,1.329,1.711,1.149,2.129
oman,0.009,0.031,-0.047,-0.464,-0.117,0.012,-0.039,-0.215,0.301,0.191,0.011,-0.206,0.029,-0.104,-0.445,-0.126,0.739,0.36,0.326,0.539,0.345,-0.153,-0.324,-0.396,0.023,0.028,0.246,0.323,-0.302,0.512,0.038,-0.268,0.358,0.722,0.334,0.249,0.375,0.968,0.849,0.815,0.88,0.827,1.118,0.952,0.988,0.942,1.207,0.566,1.192,1.343,1.054,1.114,0.772,0.958,1.609,1.313,1.455,1.556,1.417,1.215
pakistan,-0.33,-0.257,0.577,-0.517,-0.198,-0.099,-0.302,-0.291,0.458,0.508,0.32,-0.557,0.133,-0.174,-0.495,-0.276,0.523,0.027,0.038,0.604,0.406,-0.332,-0.275,-0.005,0.401,-0.254,0.455,0.857,-0.221,0.419,-0.037,-0.235,0.521,0.233,0.094,0.023,-0.226,0.713,0.908,0.854,1.034,1.089,0.559,1.246,0.215,1.237,0.841,0.643,0.984,1.213,0.914,0.327,0.859,0.465,0.787,1.597,1.157,1.441,0.585,0.532
palau,-0.283,-0.151,0.069,-0.313,-0.005,0.056,0.059,0.151,0.08,0.264,-0.033,0.006,0.228,0.06,-0.136,0.067,0.241,0.17,0.298,0.265,0.36,0.367,0.565,0.424,0.258,0.602,0.566,0.484,0.321,0.355,0.392,0.345,0.272,0.394,0.415,0.501,0.623,0.776,0.47,0.488,0.599,0.666,0.483,0.754,0.616,0.758,0.786,0.516,0.653,0.787,0.623,0.747,0.834,0.693,0.843,1.045,0.823,1.047,0.771,0.804
palestina,0.013,-0.199,0.207,-0.168,0.22,0.058,0.336,0.155,-0.025,-0.401,-0.087,-0.365,-0.222,0.089,0.129,-0.148,-0.374,0.304,0.019,0.044,-0.074,-0.066,0.091,0.196,0.049,0.117,-0.337,-0.146,0.022,0.296,-0.025,-0.003,0.475,0.163,0.322,0.132,-0.267,-0.096,0.155,0.452,0.59,0.209,0.946,0.698,0.506,0.811,0.61,0.485,0.45,0.451,0.317,0.72,0.815,0.554,1.455,0.529,0.655,0.707,0.771,0.758
palmyra-atoll,-0.401,0.068,0.154,0.227,0.055,0.123,-0.075,0.229,-0.323,-0.133,0.228,0.155,0.236,0.372,-0.065,-0.528,0.061,-0.347,-0.126,-0.528,-0.292,0.579,0.232,0.196,0.471,0.229,0.419,0.249,0.041,0.046,0.518,0.584,0.181,-0.058,0.34,0.552,0.475,0.356,0.555,0.693,0.673,0.757,0.661,0.184,0.292,0.695,0.85,0.954,0.828,1.064,0.937,0.633,0.287,0.792,0.468,0.396,0.445,0.774,1.054,1.332
panama,-0.018,-0.069,0.016,0.031,0.016,0.057,-0.237,-0.223,0.147,-0.15,-0.485,0.206,0.129,-0.232,-0.316,0.043,0.267,0.017,0.315,0.321,0.031,0.313,0.751,-0.193,-0.064,0.11,0.63,0.091,-0.036,0.3,0.418,0.531,0.413,0.385,0.389,0.153,0.93,0.989,-0.055,0.176,0.276,0.764,0.778,0.63,0.595,0.603,0.575,0.326,0.831,0.601,0.266,0.56,0.629,0.768,1.176,0.839,0.672,0.662,1.056,0.958
papua-new-guinea,-0.301,0.007,-0.027,0.072,-0.443,-0.043,-0.182,-0.048,0.138,0.185,0.042,-0.236,0.338,0.093,0.15,-0.098,0.033,0.321,0.262,0.288,0.414,0.049,0.515,0.285,0.276,0.43,0.531,0.729,0.493,0.524,0.306,0.404,0.254,0.26,0.599,0.659,0.336,0.976,0.543,0.473,0.635,0.673,0.653,0.497,0.734,0.487,0.589,0.512,0.596,1.084,0.56,0.534,0.902,0.665,0.692,1.358,1.016,1.022,0.878,1.168
paraguay,0.559,-0.545,0.9,-0.336,0.059,0.113,0.505,-0.015,0.264,0.343,-0.509,0.241,0.059,-0.283,-0.001,-0.397,0.778,0.718,0.001,0.204,0.272,0.356,-0.253,0.303,0.596,0.667,0.028,0.005,-0.169,0.125,0.584,-0.483,0.182,0.961,0.468,-0.036,0.943,-0.044,0.111,0.113,0.703,1.337,0.835,0.412,0.569,1.022,0.222,0.41,0.915,0.307,0.584,1.051,0.373,1.166,1.441,0.169,1.123,0.388,1.12,1.408
peru,-0.016,-0.152,0.052,-0.143,0.179,0.147,-0.122,-0.135,0.51,0.04,-0.322,0.344,0.193,-0.158,-0.293,-0.11,0.227,0.062,0.241,0.331,0.018,0.242,1.136,0.082,-0.058,0.026,0.728,0.219,-0.051,0.204,0.414,0.782,0.445,0.467,0.624,0.04,0.927,1.122,-0.041,0.121,0.179,0.566,0.569,0.473,0.444,0.505,0.15,0.262,0.608,0.736,0.442,0.616,0.472,0.666,1.113,1.218,0.804,0.534,0.779,1.341
philippines,-0.07,-0.149,-0.268,-0.043,-0.206,0.204,-0.177,-0.014,0.256,0.238,-0.328,-0.001,0.211,-0.112,-0.005,-0.124,0.068,0.073,0.248,0.171,0.199,0.149,0.487,0.086,0.322,0.181,0.658,0.693,0.277,0.51,0.35,0.454,0.375,0.372,0.358,0.392,0.481,1.233,0.415,0.508,0.571,0.635,0.541,0.643,0.713,0.755,0.738,0.489,0.639,1.001,0.433,0.723,0.816,0.598,0.809,1.128,0.765,0.917,0.969,1.1
poland,0.842,-0.664,-0.805,-0.34,-0.996,0.544,1.021,0.311,-0.832,-0.611,0.421,0.27,0.269,0.784,1.317,-0.475,0.51,-0.449,-0.309,-0.95,0.236,0.769,1.289,0.259,-0.849,-0.094,-1.001,0.702,1.757,1.593,0.328,1.18,0.197,1.28,0.645,-0.84,0.373,0.72,1.405,1.996,0.75,1.576,0.77,0.763,0.735,1.118,1.771,1.817,0.986,-0.028,1.331,0.907,0.929,2.088,2.16,1.62,1.352,2.282,2.624,2.375
portugal,0.961,0.209,-0.079,0.348,-0.015,0.274,-0.043,0.185,-0.38,-0.026,-0.52,-0.866,-0.124,-0.316,-0.237,-0.134,-0.111,0.113,0.017,0.065,0.717,0.313,0.308,-0.149,0.415,-0.027,0.89,0.342,1.341,1.009,0.489,0.399,-0.222,0.62,1.664,0.639,1.559,0.971,0.629,0.65,0.738,0.819,1.165,0.844,0.909,1.338,0.586,0.589,1.283,0.999,1.473,0.689,0.805,1.165,1.311,1.119,1.61,0.754,1.063,1.604
puerto-rico,0.016,0.012,0.293,0.123,-0.28,-0.009,-0.291,-0.248,0.337,0.021,-0.317,-0.098,0.055,-0.331,-0.281,-0.368,0.101,0.165,0.089,0.562,0.511,0.097,0.518,-0.01,-0.049,0.085,0.672,0.318,-0.037,0.256,0.194,0.194,0.297,0.437,0.57,0.238,0.749,1.094,0.526,0.271,0.733,0.933,0.968,0.564,0.901,0.911,1.067,0.515,0.73,1.014,0.572,0.811,0.723,0.799,1.116,1.031,0.767,0.633,1.005,1.278
qatar,-0.198,0.437,0.105,-0.562,0.256,0.383,-0.539,-0.394,0.402,0.154,-0.275,-0.62,0.146,-0.114,-0.305,-0.252,0.564,0.218,0.715,0.558,0.576,-0.632,-0.563,-0.169,0.154,0.26,0.484,0.479,-0.17,0.52,-0.143,-0.738,0.077,0.539,0.099,0.587,0.083,1.382,1.493,0.93,1.181,1.137,1.257,1.077,0.968,1.112,1.108,0.83,1.073,1.941,1.104,1.37,1.046,1.417,1.786,1.383,1.757,2.055,1.757,1.58
reunion,-0.17,-0.05,0.051,-0.246,-0.169,0.589,-0.298,-0.433,-0.48,-0.473,0.023,0.185,-0.343,0.496,0.136,-0.288,0.218,0.163,-0.425,-0.053,0.246,0.549,0.386,0.313,0.293,0.234,0.128,0.231,-0.035,0.124,0.057,0.632,0.451,0.177,0.146,0.537,0.34,0.355,0.564,0.414,0.34,0.442,0.834,0.506,0.494,0.91,0.781,0.821,0.709,0.536,0.708,0.664,0.513,0.809,0.882,0.894,0.704,0.597,1.04,0.979
romania,0.592,0.021,-0.276,-0.444,-0.644,0.924,0.251,0.412,-0.542,0.093,0.067,0.297,-0.307,0.146,0.684,-0.8,0.34,-0.605,0.418,-0.894,0.032,0.132,0.566,-0.009,-1.015,-0.006,-0.453,0.11,0.756,1.234,-0.214,0.529,-0.183,1.627,0.227,-0.348,-0.387,0.219,1.08,1.473,0.797,1.451,0.386,0.6,0.179,0.525,1.828,1.498,1.463,0.989,0.614,1.368,1.412,1.578,1.857,1.325,1.255,1.853,2.269,1.995
russia,0.495,1.03,0.424,-0.356,-0.472,-0.887,1.059,-0.17,-1.347,-0.093,0.441,-0.274,0.581,-0.244,1.276,-0.51,-0.094,0.176,-0.48,0.021,1.262,0.32,1.457,0.101,-0.101,0.536,-0.864,1.087,1.355,1.35,1.188,0.503,0.786,0.512,2.269,0.612,1.095,0.103,0.554,0.862,0.915,1.292,1.595,0.899,1.896,0.645,2.432,2.099,0.797,0.869,2.018,1.466,1.657,1.494,2.339,2.13,2.361,1.779,2.318,3.628
rwanda,0.001,-0.176,-0.167,-0.149,-0.208,-0.059,-0.23,-0.158,0.131,0.012,-0.345,0.088,0.25,-0.216,-0.115,0.045,0.334,0.295,0.447,0.602,0.682,0.513,0.789,0.315,0.491,0.492,0.95,0.561,0.098,0.507,0.103,0.531,0.477,0.44,0.737,0.325,0.991,0.894,0.233,0.653,0.488,0.873,0.879,0.924,1.652,1.185,0.868,0.815,1.031,1.477,0.794,0.815,0.893,0.979,1.117,1.373,1.109,0.816,1.085,1.148
saint-kitts-and-nevis,0.055,0.056,0.224,0.053,-0.209,-0.095,-0.326,-0.252,0.193,0.069,-0.304,-0.122,0.208,-0.317,-0.234,-0.418,0.191,0.17,0.045,0.578,0.508,0.054,0.447,-0.016,-0.043,0.068,0.642,0.291,0.047,0.211,0.22,0.268,0.363,0.323,0.684,0.307,0.66,1.027,0.543,0.267,0.692,0.793,0.908,0.537,0.968,0.868,0.974,0.384,0.66,1.068,0.577,0.768,0.764,0.738,1.074,1.106,0.896,0.676,1.01,1.192
saint-lucia,0.075,0.109,0.239,-0.072,-0.083,-0.0,-0.281,-0.274,0.268,0.12,-0.29,-0.017,0.141,-0.248,-0.302,-0.37,0.178,0.211,0.175,0.477,0.505,0.123,0.354,-0.036,-0.153,-0.065,0.694,0.347,0.084,0.276,0.255,0.195,0.426,0.324,0.666,0.405,0.727,1.078,0.518,0.28,0.602,0.557,0.722,0.467,0.928,0.781,0.695,0.342,0.595,1.172,0.637,0.665,0.68,0.63,0.962,1.064,0.899,0.604,1.006,1.137
saint-martin,-0.284,-0.012,0.297,0.126,0.195,0.033,0.067,0.248,0.101,-0.201,-0.1,-0.285,-0.173,0.255,0.103,-0.214,-0.099,0.237,-0.289,-0.25,-0.335,0.153,0.154,0.022,0.511,0.413,0.079,0.459,-0.023,0.025,0.099,0.59,0.361,0.069,0.279,0.301,0.272,0.368,0.371,0.664,0.162,0.514,0.869,0.489,0.115,0.616,0.685,0.805,0.497,0.919,0.832,0.855,0.32,0.613,0.912,0.515,0.656,0.661,0.695,1.044
saint-pierre-and-miquelon,-0.021,-0.575,0.686,-0.745,0.62,-0.0,-0.262,-0.211,-0.63,-0.488,0.517,0.234,-0.062,0.879,0.411,0.277,-1.496,-0.192,-1.091,-0.898,-0.072,0.066,-0.501,0.584,-0.522,1.211,-0.715,0.763,0.239,-1.082,-0.727,0.026,0.239,-0.398,-0.396,-0.891,-1.124,-0.806,-0.447,-0.261,0.543,-0.585,0.823,1.936,1.044,0.819,-0.155,0.381,0.506,0.99,1.876,0.194,0.771,0.653,1.707,0.786,2.031,1.043,0.626,-0.108
saint-vincent-and-the-grenadines,0.059,0.105,0.245,-0.073,-0.081,0.017,-0.27,-0.261,0.284,0.115,-0.321,-0.022,0.145,-0.265,-0.279,-0.353,0.194,0.181,0.188,0.458,0.507,0.083,0.357,-0.035,-0.173,-0.092,0.692,0.323,0.039,0.26,0.236,0.212,0.425,0.321,0.662,0.398,0.725,1.071,0.507,0.257,0.593,0.56,0.73,0.454,0.926,0.777,0.712,0.379,0.602,1.169,0.622,0.659,0.682,0.639,0.962,1.043,0.9,0.595,0.995,1.124
samoa,0.056,-0.058,0.151,-0.075,-0.371,-0.344,-0.432,-0.248,0.185,0.048,-0.34,0.015,0.383,-0.041,0.082,0.012,0.118,0.068,0.258,0.342,0.135,0.304,0.282,0.143,0.264,0.317,0.296,0.449,0.088,0.541,0.618,0.541,0.258,0.461,0.72,0.458,0.379,0.74,0.431,0.527,0.675,0.896,0.63,0.675,0.745,0.612,0.992,0.529,0.586,1.009,0.52,0.576,0.904,0.762,0.708,1.388,1.047,0.871,1.097,1.002
san-marino,0.841,-0.334,-0.301,-0.006,-0.385,0.368,0.323,-0.021,-0.216,-0.041,-0.082,-0.052,-0.106,0.144,0.381,-0.409,0.261,-0.62,0.103,-0.717,-0.179,0.421,0.231,-0.412,0.066,0.077,0.105,0.691,0.292,0.759,-0.117,0.808,0.545,1.479,0.292,0.118,0.873,0.931,0.968,1.526,1.204,1.314,1.425,0.781,0.128,0.936,1.491,1.195,1.354,0.429,1.432,1.4,1.094,1.822,1.809,1.453,1.521,1.957,1.936,1.773
sao-tome-and-principe,-0.388,0.07,-0.09,-0.005,0.084,-0.144,-0.071,0.243,-0.165,-0.087,0.226,-0.075,-0.05,0.102,0.15,-0.175,0.004,0.368,-0.131,-0.189,-0.335,0.213,0.067,0.394,0.273,0.045,-0.12,0.07,0.478,0.15,0.049,0.582,0.493,0.087,0.269,0.239,-0.079,0.25,0.285,0.608,0.179,0.355,0.97,0.438,0.301,0.231,0.602,0.768,0.582,0.524,0.711,0.794,0.625,1.015,0.861,0.536,0.354,0.494,0.585,0.625
saudi-arabia,-0.239,0.509,0.203,-0.493,0.025,0.494,-0.66,-0.308,0.407,0.204,-0.49,-0.63,0.243,-0.136,-0.552,-0.268,0.426,0.196,0.613,0.399,0.302,-0.641,-0.638,-0.617,-0.229,-0.074,0.585,0.417,-0.273,0.408,0.131,-0.898,0.091,0.586,0.233,0.657,0.068,1.165,1.176,0.838,0.968,0.872,1.101,0.834,0.749,0.813,0.926,0.697,1.138,1.837,0.743,1.171,0.846,1.248,1.557,1.415,1.564,1.639,1.485,1.367
senegal,0.01,0.077,0.152,-0.001,-0.449,0.156,-0.474,-0.307,0.61,0.492,-0.197,0.193,0.444,-0.507,-0.24,-0.307,0.631,0.286,0.737,0.73,0.736,0.094,1.182,0.435,0.371,0.281,1.135,0.671,0.631,0.997,0.688,0.724,0.903,0.526,0.879,1.238,1.211,1.465,0.369,0.688,1.184,1.144,0.762,0.901,1.19,0.922,1.027,1.015,0.581,1.384,0.942,0.706,1.035,0.942,1.031,1.461,1.493,0.911,1.276,1.593
serbia,-1.128,0.312,0.551,-0.251,0.463,0.637,-0.175,-0.169,-0.473,-0.434,0.648,0.158,0.282,-0.388,-0.11,-0.028,0.166,-0.341,0.147,0.33,-0.74,0.49,-0.593,0.358,-0.763,0.002,0.191,0.298,-0.145,-0.476,0.012,0.073,0.342,0.467,1.036,-0.368,0.862,0.298,1.575,0.17,-0.266,-0.13,0.456,0.811,1.673,0.785,1.292,0.677,0.483,-0.217,0.444,1.617,1.527,1.262,0.846,0.68,1.42,1.43,1.628,1.619
seychelles,0.167,-0.037,-0.22,-0.262,-0.416,-0.028,-0.029,-0.168,0.141,0.169,-0.195,0.146,0.431,-0.201,-0.132,-0.079,0.233,0.404,0.262,0.329,0.255,0.476,0.603,-0.113,-0.016,0.341,0.68,0.559,0.245,0.544,0.65,0.183,0.214,0.591,0.636,0.257,0.709,0.953,0.435,0.446,0.749,0.653,0.836,0.524,0.792,0.791,0.99,0.667,0.975,0.986,0.924,0.915,0.877,0.782,1.331,1.167,1.115,0.868,1.36,1.416
sierra-leone,-0.082,-0.151,0.141,-0.155,-0.308,-0.004,-0.179,0.014,0.23,0.244,-0.181,0.13,0.523,-0.042,-0.098,-0.28,0.287,0.155,0.53,0.442,0.32,0.199,0.548,0.333,0.208,0.087,0.882,0.564,0.301,0.54,0.625,0.427,0.646,0.427,0.705,0.906,0.891,1.209,0.615,0.583,0.887,0.92,0.798,0.859,1.141,0.992,0.942,0.938,0.921,1.171,0.807,0.545,0.657,0.659,0.884,1.115,1.22,0.995,1.17,1.254
singapore,-0.125,-0.25,-0.004,-0.093,-0.137,0.165,-0.059,0.033,0.37,0.131,-0.104,0.143,0.123,-0.227,-0.163,-0.096,0.193,0.2,0.253,0.248,0.272,0.152,0.592,-0.257,0.075,0.13,0.417,0.356,0.058,0.425,0.279,0.217,0.222,0.38,0.28,0.26,0.826,1.083,0.35,0.414,0.468,0.696,0.594,0.625,0.751,0.67,0.409,0.337,0.687,0.874,0.532,0.547,0.737,0.794,1.08,1.375,0.863,0.768,1.289,1.068
sint-maarten,-0.284,-0.012,0.297,0.126,0.195,0.033,0.067,0.248,0.101,-0.201,-0.1,-0.285,-0.173,0.255,0.103,-0.214,-0.099,0.237,-0.289,-0.25,-0.335,0.153,0.154,0.022,0.511,0.413,0.079,0.459,-0.023,0.025,0.099,0.59,0.361,0.069,0.279,0.301,0.272,0.368,0.371,0.664,0.162,0.514,0.869,0.489,0.115,0.616,0.685,0.805,0.497,0.919,0.832,0.855,0.32,0.613,0.912,0.515,0.656,0.661,0.695,1.044
slovakia,0.721,-0.667,-0.59,-0.465,-0.983,0.697,0.591,0.255,-0.323,-0.304,0.155,0.366,-0.037,0.609,0.851,-0.256,0.417,-0.653,0.214,-1.052,0.138,0.468,0.88,-0.074,-0.846,-0.051,-0.587,0.368,1.014,0.916,-0.1,0.974,0.237,1.555,0.434,-0.6,0.028,0.599,0.945,1.715,0.579,1.389,0.772,0.408,0.18,0.787,1.746,1.671,1.23,0.338,1.119,1.225,1.1,2.262,2.016,1.393,1.183,2.306,2.325,1.835
slovenia,0.818,-0.828,-0.432,-0.17,-0.573,0.588,0.466,0.088,-0.335,-0.175,-0.041,-0.122,-0.2,0.43,0.629,-0.263,0.546,-0.703,0.172,-0.743,0.067,0.492,0.513,-0.381,-0.404,-0.186,-0.108,0.597,0.692,0.862,-0.108,1.124,0.517,1.708,0.493,-0.391,0.57,0.855,0.915,1.917,1.152,1.661,1.307,0.514,0.121,1.028,1.749,1.528,1.482,0.395,1.455,1.582,1.234,2.27,1.923,1.538,1.594,2.19,2.235,1.916
solomon-islands,-0.012,0.037,-0.114,0.047,-0.416,-0.149,-0.153,-0.116,0.183,0.075,-0.103,-0.131,0.252,0.055,-0.008,-0.056,0.192,0.271,0.3,0.296,0.484,0.145,0.415,0.349,0.44,0.478,0.521,0.759,0.448,0.53,0.421,0.317,0.096,0.168,0.627,0.515,0.299,0.852,0.467,0.595,0.75,0.623,0.675,0.598,0.83,0.65,0.708,0.578,0.807,0.969,0.708,0.707,0.841,0.814,0.778,1.196,1.102,0.97,1.139,1.272
somalia,0.091,-0.139,-0.448,-0.205,-0.448,-0.15,-0.027,-0.335,0.134,0.043,0.055,0.484,0.415,-0.09,-0.581,-0.207,0.412,0.556,0.373,0.6,0.141,0.327,0.574,0.025,0.009,0.274,0.651,0.676,0.109,0.555,0.586,0.49,0.172,0.544,0.654,0.439,0.629,0.728,0.576,0.557,0.725,0.852,1.042,0.789,1.136,0.951,1.094,0.735,1.191,1.088,0.908,0.968,0.975,1.012,1.462,1.323,1.358,0.904,1.499,1.544
south-africa,0.187,0.398,0.171,-0.118,0.045,0.432,-0.054,-0.346,0.39,0.361,-0.054,0.277,0.214,-0.238,-0.241,-0.445,0.274,0.005,0.409,0.233,-0.326,0.315,0.799,0.518,0.652,0.582,0.744,0.219,0.025,0.359,0.394,0.899,0.855,0.252,0.513,-0.089,0.303,0.8,1.218,0.231,0.531,0.609,0.947,0.842,1.004,0.393,0.742,0.729,0.641,1.103,0.301,0.539,0.607,0.728,1.455,1.463,0.871,0.948,1.639,0.771
south-georgia-and-the-south-sandwich-isla,0.49,0.358,-0.227,-0.794,0.2,-0.249,0.412,-0.103,-0.607,0.257,-0.376,-0.02,0.437,0.166,0.076,0.012,-0.534,-0.004,0.03,0.034,0.076,0.204,0.332,0.143,-0.305,0.447,0.547,0.287,0.099,0.508,0.456,-0.197,0.092,1.066,0.691,0.141,0.348,0.835,-0.044,0.333,0.68,0.316,1.038,1.203,0.638,1.081,0.255,0.546,0.966,0.642,0.914,-0.01,0.658,0.726,1.042,0.877,0.534,0.869,0.696,0.944
south-korea,0.799,0.022,-0.582,0.517,-0.343,-0.052,-0.023,-0.109,-0.67,-0.376,-0.162,0.034,0.322,-0.694,0.521,-0.382,0.289,0.741,0.609,-0.824,-0.597,0.423,0.311,-0.253,0.09,-0.456,0.302,0.164,0.883,1.18,0.336,0.553,-0.093,1.392,0.221,0.079,0.676,1.485,0.86,0.415,0.72,0.672,0.496,1.244,0.297,0.784,1.183,0.864,0.81,0.49,0.227,0.174,0.762,0.932,1.221,1.475,0.956,0.94,1.433,1.259
spain,0.988,0.17,-0.218,0.423,0.007,0.331,0.083,0.278,-0.464,0.045,-0.547,-0.833,-0.215,-0.307,-0.225,-0.188,-0.071,0.037,0.182,-0.058,0.586,0.542,0.531,-0.328,0.438,0.182,0.77,0.497,1.325,1.029,0.266,0.223,-0.185,1.033,1.429,0.491,1.449,0.939,0.761,0.863,0.994,1.025,1.368,0.815,0.701,1.529,0.688,0.656,1.37,0.594,1.639,0.921,0.649,1.475,1.556,1.335,1.729,1.016,1.355,1.701
sri-lanka,-0.148,-0.089,-0.065,0.1,-0.027,0.284,-0.065,0.023,0.281,0.078,-0.285,0.023,0.254,-0.337,-0.29,-0.155,-0.016,0.04,0.267,0.338,0.08,0.152,0.574,-0.157,0.073,0.193,0.616,0.452,0.151,0.413,0.38,0.071,0.105,0.178,0.369,0.238,0.511,0.972,0.219,0.384,0.565,0.686,0.677,0.5,0.631,0.512,0.434,0.395,0.765,0.785,0.583,0.852,0.67,0.777,0.953,1.372,0.918,0.643,1.066,1.134
sudan,-0.743,0.225,0.468,-0.579,-0.198,0.259,-0.606,-0.305,0.666,-0.06,-0.413,0.107,0.482,-0.255,-0.097,0.425,-0.349,0.059,0.631,0.562,0.165,-0.088,-0.237,0.462,0.403,0.076,0.543,0.251,-0.385,0.572,0.395,-0.331,0.544,0.229,0.421,0.711,0.371,0.742,0.812,0.293,0.542,0.863,0.869,0.866,1.075,0.696,0.524,0.82,1.301,1.741,0.79,0.878,1.067,1.097,1.113,1.407,1.131,1.057,0.891,0.528
suriname,-0.042,0.014,0.002,0.058,0.058,0.151,-0.214,-0.276,0.559,-0.006,-0.433,-0.064,0.067,-0.243,-0.264,-0.073,0.12,0.155,0.289,0.385,0.246,0.265,0.565,-0.204,-0.22,0.019,0.706,0.208,-0.072,0.222,0.241,0.475,0.18,0.227,0.875,0.476,0.635,1.151,0.496,0.287,0.522,0.673,0.892,0.807,0.961,0.639,0.628,0.533,0.913,1.073,0.707,0.822,0.725,0.859,1.009,1.258,0.994,0.755,1.082,1.092
svalbard-and-jan-mayen,1.486,1.656,0.447,0.751,0.808,0.331,-1.122,-2.212,0.023,-0.281,-1.546,-0.691,-2.886,-0.651,-0.538,-0.841,2.364,-0.337,2.353,-0.554,1.704,-0.239,-0.89,-1.031,-0.553,-0.783,-0.561,-0.234,3.105,1.101,-0.125,-0.452,-2.165,-0.303,1.886,0.986,0.775,-0.073,0.169,0.082,1.006,-0.002,-0.007,1.797,1.875,1.274,1.315,-0.258,1.231,2.418,3.316,2.615,1.749,2.004,1.494,2.049,3.804,2.072,2.735,3.058
swaziland,-0.043,0.345,0.376,-0.032,-0.08,0.193,0.456,-0.168,-0.174,-0.204,0.073,-0.214,-0.304,0.402,0.516,-0.135,-0.232,-0.09,-0.023,-0.305,-0.242,0.461,0.149,0.344,0.075,-0.288,0.405,0.941,0.101,0.679,0.503,0.671,0.442,0.287,0.266,0.43,1.326,0.738,-0.007,0.575,0.151,0.214,0.932,0.879,0.105,0.619,0.653,1.066,0.493,0.95,0.252,0.623,0.411,0.25,0.712,0.26,0.509,0.135,0.396,1.361
sweden,1.264,-0.704,-0.173,0.532,-0.645,-1.295,0.416,-0.602,-0.545,-0.65,0.102,0.989,0.493,1.326,1.562,-0.446,-0.197,-0.794,-0.598,-0.636,-0.794,0.501,0.743,0.79,-1.728,-0.282,-1.062,0.607,1.922,1.997,0.994,1.347,0.442,0.372,0.558,-0.095,1.174,0.393,1.037,1.942,0.619,1.283,1.238,1.122,1.512,1.828,1.56,1.658,0.98,-0.873,2.008,0.529,1.297,2.348,2.123,1.588,1.237,1.601,1.47,2.767
switzerland,1.082,-0.661,-0.799,0.298,-0.596,0.367,0.375,-0.061,-0.329,-0.247,0.099,-0.229,-0.122,0.394,0.346,0.246,0.325,-0.435,-0.002,-0.544,-0.032,0.679,0.681,-0.32,-0.257,0.045,0.055,0.852,1.055,1.137,0.313,0.966,0.525,1.736,0.617,-0.159,1.077,0.8,0.767,1.418,0.864,1.384,1.535,0.71,0.434,1.205,1.436,0.963,1.156,0.072,1.77,1.107,0.602,1.864,1.84,1.289,1.449,2.298,1.815,2.097
syria,-0.136,1.107,0.406,-0.637,-0.089,0.956,-1.123,-0.087,0.166,0.423,-0.268,-0.981,-0.247,-0.21,-0.297,-0.703,0.011,0.288,0.737,-0.121,0.241,-0.861,-0.672,-0.25,0.163,0.265,-0.086,-0.285,0.221,0.163,0.154,-1.272,-0.32,0.776,0.187,0.614,-0.412,1.116,0.981,0.381,1.006,0.504,0.49,0.427,0.41,0.477,0.736,0.826,0.676,2.363,0.235,1.037,0.781,1.357,1.095,1.373,1.237,1.942,1.317,1.719
taiwan,0.196,-0.271,-0.239,0.146,-0.029,0.448,-0.249,-0.516,-0.175,-0.105,-0.294,-0.172,0.206,-0.045,0.101,-0.35,0.244,-0.012,0.088,0.205,-0.065,-0.045,0.236,-0.272,-0.121,-0.318,0.284,0.113,-0.034,0.263,0.424,-0.097,0.313,0.629,-0.01,0.181,0.29,1.265,0.529,0.528,0.69,1.041,0.795,0.583,0.445,0.943,0.914,0.577,0.776,0.652,0.139,0.517,0.699,0.775,1.098,1.234,1.192,1.042,1.35,1.48
tajikistan,0.037,-0.195,0.746,-0.87,-0.235,0.257,-0.337,-0.1,-0.516,0.676,1.025,-1.039,0.511,-0.443,-0.394,-0.158,0.68,0.352,0.56,0.867,0.429,-0.221,0.444,-0.128,0.486,0.013,0.228,0.866,-0.533,0.774,-0.123,-0.208,-0.259,0.295,0.337,-0.219,0.864,0.823,0.922,1.09,1.532,1.16,0.683,1.599,0.895,1.479,1.326,0.974,0.78,1.25,0.982,0.091,1.19,0.364,1.191,1.813,1.031,1.298,0.995,0.629
tanzania,-0.348,-0.02,0.368,0.27,0.086,0.217,-0.113,-0.295,-0.251,-0.187,0.128,0.004,-0.412,0.32,0.022,-0.428,0.021,0.083,-0.221,-0.089,0.07,0.226,-0.017,0.037,0.285,0.148,0.214,0.796,0.076,0.109,0.308,0.785,0.6,-0.037,0.33,0.31,0.421,0.345,0.489,0.619,0.425,0.62,0.748,0.343,0.47,0.384,0.621,0.915,0.676,1.372,0.685,0.573,0.36,0.791,0.917,0.704,0.749,0.723,0.566,0.876
thailand,-0.052,-0.235,-0.226,-0.088,0.014,0.482,-0.226,0.079,0.286,0.096,-0.638,0.08,0.11,-0.314,-0.173,-0.349,0.079,0.219,0.499,0.49,0.101,0.097,0.424,0.115,0.189,0.027,0.515,0.269,0.192,0.459,0.55,0.184,0.171,0.396,0.429,0.103,0.424,1.212,0.043,0.143,0.477,0.604,0.483,0.362,0.754,0.583,0.455,0.042,0.463,1.197,0.041,0.955,0.638,0.65,1.101,1.217,0.759,0.686,1.388,1.255
timor-leste,-0.096,-0.07,0.496,0.137,-0.133,-0.242,-0.042,-0.548,-0.009,-0.417,-0.109,-0.3,0.108,-0.0,0.207,-0.038,-0.127,0.65,0.117,0.076,-0.297,-0.505,0.191,0.283,0.261,0.38,-0.383,0.413,0.101,0.347,0.353,0.499,0.693,0.369,0.321,0.095,0.541,0.21,-0.126,0.325,0.391,0.027,0.904,0.053,0.042,0.329,0.6,0.54,0.475,0.89,0.091,0.432,0.286,0.611,0.706,-0.021,0.087,0.542,0.376,0.338
togo,-0.152,-0.183,0.07,-0.242,-0.146,0.118,-0.232,-0.051,0.263,0.29,-0.149,0.193,0.629,-0.059,-0.166,-0.335,0.283,0.036,0.392,0.413,0.399,0.106,0.71,0.506,0.344,0.288,1.076,0.569,0.193,0.697,0.239,0.154,0.428,0.378,0.617,0.563,0.548,1.109,0.54,0.551,0.708,0.775,1.022,0.9,1.111,1.1,0.986,0.731,0.831,1.148,0.857,0.635,0.721,0.887,0.95,1.189,1.082,0.953,1.151,1.055
tonga,0.198,-0.148,-0.237,0.099,-0.629,-0.518,-0.124,0.071,-0.345,0.379,0.275,-0.07,0.354,0.148,0.168,-0.238,-0.097,0.004,0.302,0.322,0.503,0.039,0.248,0.461,0.362,-0.113,-0.033,1.041,0.541,0.452,0.293,0.23,-0.027,0.026,0.623,0.74,0.141,0.849,0.617,0.795,0.765,0.779,0.59,0.613,0.63,0.695,1.065,0.772,0.103,1.103,1.171,0.687,1.112,0.623,0.262,0.926,0.967,0.918,0.848,0.961
trinidad-and-tobago,0.132,0.1,0.254,-0.083,-0.007,0.169,-0.213,-0.257,0.461,0.091,-0.395,-0.063,0.109,-0.263,-0.372,-0.314,0.137,0.276,0.362,0.213,0.481,0.133,0.424,-0.121,-0.25,-0.156,0.699,0.38,-0.021,0.349,0.251,0.18,0.446,0.314,0.737,0.423,0.495,1.061,0.543,0.303,0.599,0.465,0.811,0.526,1.008,0.722,0.614,0.515,0.697,1.172,0.7,0.625,0.683,0.779,0.929,1.057,0.932,0.616,1.081,1.014
tunisia,0.33,0.018,0.235,0.059,-0.085,0.177,-0.062,0.15,-0.125,0.025,-0.359,-0.368,-0.113,-0.35,-0.244,-0.706,0.624,-0.244,0.187,-0.468,0.324,0.518,0.245,-0.177,0.446,0.243,0.765,0.95,0.744,0.961,-0.117,0.05,0.596,1.269,0.702,0.549,1.1,0.756,1.726,1.152,1.704,1.341,1.454,0.916,0.799,1.268,1.141,1.155,0.992,1.554,0.901,1.481,1.216,1.757,1.167,1.753,0.94,1.436,1.175,1.578
turkey,0.114,1.174,0.342,-0.703,-0.297,1.449,-0.931,-0.018,0.009,0.594,-0.007,-0.749,-0.452,-0.361,-0.265,-0.93,-0.042,0.155,0.869,-0.014,0.584,-0.499,-0.367,0.048,0.072,0.265,-0.386,-0.371,0.176,0.036,-0.175,-1.408,-0.68,0.789,0.233,0.494,-0.369,0.971,1.135,0.275,1.361,0.443,0.376,0.352,0.479,0.516,0.863,0.704,0.821,2.315,-0.027,0.924,0.846,1.665,0.985,1.109,0.955,2.253,1.527,1.684
turkmenistan,0.844,0.143,0.862,-0.803,0.39,0.937,0.072,0.178,-1.493,0.589,0.925,-1.486,0.366,-0.855,0.464,-0.727,0.304,0.061,0.717,0.391,0.952,-0.491,1.256,-0.673,0.467,0.498,0.442,0.926,0.577,0.893,0.472,0.0,-0.364,0.289,1.423,0.232,1.245,1.079,1.316,1.319,1.491,1.248,0.545,1.536,1.425,1.301,1.084,0.686,1.167,1.872,0.6,0.743,1.719,0.628,1.493,1.894,1.412,1.589,1.793,0.839
turks-and-caicas-islands,-0.433,-0.032,0.035,0.299,0.16,0.033,-0.117,0.054,0.16,-0.251,0.003,0.12,-0.016,0.145,-0.159,-0.147,0.074,0.155,-0.22,0.066,0.022,0.343,0.359,0.066,0.549,0.12,0.523,0.48,-0.054,0.114,0.233,0.429,0.14,0.104,0.499,0.501,0.409,0.336,0.704,0.533,0.167,1.075,0.835,0.327,0.142,0.304,0.822,0.941,0.532,0.522,0.48,0.633,0.514,0.476,0.343,0.436,0.521,0.686,0.771,1.059
uganda,-0.15,-0.263,-0.238,-0.282,-0.099,-0.042,-0.237,-0.287,0.14,-0.031,-0.205,0.212,0.295,-0.125,-0.041,0.146,0.239,0.272,0.432,0.714,0.55,0.394,0.729,0.441,0.34,0.526,1.024,0.513,0.046,0.383,0.257,0.445,0.395,0.332,0.639,0.313,0.892,0.913,0.343,0.657,0.536,0.902,0.916,0.992,1.481,1.041,0.766,0.811,1.335,1.25,1.003,0.996,0.996,1.005,1.211,1.379,1.155,0.708,1.107,1.082
ukraine,0.704,0.404,-0.522,-0.453,-0.808,1.415,0.431,0.16,-1.128,0.252,0.305,0.474,-0.171,0.448,1.51,-1.254,0.062,-0.698,0.307,-1.037,0.836,0.245,1.081,0.019,-1.367,0.095,-1.777,-0.106,1.644,1.483,0.411,0.49,-0.453,0.859,0.783,-0.389,-0.314,0.492,1.563,1.457,1.088,1.396,0.341,0.899,0.864,0.349,2.108,1.657,1.402,1.478,0.845,1.339,1.641,1.504,2.176,1.58,1.715,1.734,2.481,2.73
united-arab-emirates,-0.037,0.274,0.009,-0.581,0.007,0.158,-0.217,-0.413,0.31,0.312,-0.098,-0.47,-0.005,-0.183,-0.286,-0.229,0.738,0.308,0.508,0.612,0.43,-0.396,-0.434,-0.365,-0.003,0.11,0.282,0.359,-0.267,0.479,-0.14,-0.527,0.233,0.529,0.126,0.469,0.202,1.383,1.325,0.939,0.996,1.069,1.261,1.133,1.046,1.052,1.19,0.681,1.13,1.665,1.201,1.354,0.905,1.068,1.772,1.296,1.71,1.815,1.467,1.469
united-kingdom-(europe),0.417,-0.696,-0.879,0.058,-0.526,-0.053,0.21,-0.11,-0.181,0.048,0.455,-0.136,0.165,0.142,0.494,0.494,0.002,-0.093,-0.674,0.002,-0.183,0.374,0.471,0.3,-0.516,-0.662,-0.31,0.392,0.926,1.076,0.226,0.412,0.002,0.544,0.85,-0.118,1.095,0.822,1.051,0.791,0.488,1.116,1.134,1.108,1.058,1.359,1.231,0.717,0.808,-0.302,1.321,0.445,0.442,1.594,0.891,0.961,1.218,1.148,1.114,1.402
united-kingdom,0.369,-0.618,-0.829,0.031,-0.486,-0.074,0.199,-0.081,-0.172,0.052,0.413,-0.151,0.155,0.137,0.462,0.447,0.016,-0.066,-0.599,0.001,-0.151,0.377,0.479,0.277,-0.438,-0.607,-0.28,0.375,0.934,1.046,0.201,0.394,0.054,0.52,0.798,-0.074,1.04,0.852,1.036,0.759,0.497,1.04,1.087,1.093,1.016,1.324,1.161,0.713,0.79,-0.236,1.291,0.449,0.459,1.521,0.876,0.953,1.224,1.156,1.078,1.378
united-states,-0.094,0.331,0.178,0.036,-0.1,-0.148,0.162,0.288,-0.301,-0.149,-0.311,0.105,-0.241,-0.02,-0.118,-0.353,-0.367,0.14,0.032,-0.358,-0.136,0.476,-0.041,-0.224,0.347,0.934,-0.256,0.111,0.011,-0.21,0.756,0.823,0.472,0.066,0.716,0.691,0.254,0.059,0.474,0.535,-0.044,0.376,1.345,0.784,0.854,0.987,1.028,0.971,0.883,1.105,1.187,1.055,0.163,0.348,0.711,0.756,1.477,0.464,0.722,1.535
uruguay,0.445,-0.393,0.227,-0.749,0.188,-0.389,0.347,0.261,0.239,0.296,-0.145,0.136,-0.16,-0.097,0.114,-0.432,0.667,0.113,0.011,0.674,0.499,0.665,0.028,-0.159,0.706,0.77,0.242,-0.336,0.778,0.278,0.468,0.05,0.211,0.681,0.268,0.436,0.911,0.075,0.147,0.248,1.09,0.553,0.203,0.632,0.707,0.794,0.068,0.827,0.409,0.424,0.326,1.076,0.332,0.839,0.967,0.292,1.559,0.951,0.799,0.8
uzbekistan,0.899,0.23,1.0,-0.76,0.424,0.889,0.164,0.123,-1.377,0.43,0.938,-1.538,0.35,-0.706,0.549,-0.678,0.406,0.094,0.823,0.414,0.884,-0.243,1.445,-0.714,0.403,0.576,0.273,1.015,0.362,0.971,0.439,0.244,-0.675,0.047,1.339,-0.17,1.217,0.62,1.287,1.344,1.414,1.31,0.608,1.902,1.479,1.22,1.344,0.775,1.133,1.793,0.545,0.597,1.803,0.105,1.581,2.074,1.323,1.053,1.98,1.003
venezuela,0.033,0.052,0.071,0.079,0.023,0.256,-0.236,-0.159,0.486,0.109,-0.52,-0.056,0.227,-0.285,-0.275,-0.358,0.219,0.192,0.287,0.2,0.102,0.057,0.423,-0.027,-0.359,-0.196,0.531,0.175,-0.229,0.256,0.22,0.349,0.197,0.153,0.643,0.347,0.546,0.882,0.272,0.229,0.572,0.687,0.876,0.677,0.797,0.621,0.598,0.439,0.86,1.019,0.597,0.551,0.706,0.791,0.974,0.951,0.814,0.645,1.021,1.023
vietnam,0.104,-0.273,-0.217,-0.02,0.172,0.543,-0.337,-0.063,0.225,-0.049,-0.553,0.045,0.374,-0.175,0.018,-0.295,-0.063,0.019,0.293,0.278,0.251,0.149,0.163,-0.145,-0.009,0.027,0.73,0.293,0.043,0.43,0.537,0.08,0.168,0.449,0.194,0.009,0.371,1.189,0.356,0.268,0.499,0.697,0.76,0.333,0.636,0.841,0.557,0.042,0.708,1.085,-0.056,0.867,0.557,0.677,1.247,1.163,0.853,0.854,1.554,1.307
virgin-islands,0.097,0.035,0.247,0.123,-0.244,-0.107,-0.306,-0.242,0.209,0.017,-0.283,-0.169,0.174,-0.328,-0.216,-0.386,0.155,0.136,0.048,0.541,0.422,0.078,0.437,0.057,0.045,0.119,0.627,0.318,0.08,0.249,0.181,0.262,0.331,0.426,0.638,0.279,0.7,1.076,0.587,0.304,0.705,0.873,0.943,0.618,0.989,0.931,1.011,0.436,0.735,1.026,0.552,0.777,0.732,0.795,1.128,1.169,0.838,0.675,1.05,1.246
western-sahara,0.674,0.339,0.073,0.46,-0.179,0.416,-0.189,-0.155,0.248,0.566,-0.596,-1.065,0.029,-0.571,-0.301,-0.911,0.197,0.408,0.678,0.582,0.858,0.014,1.306,0.274,0.683,0.088,1.474,0.464,1.03,1.079,0.37,0.313,-0.05,0.972,1.197,1.143,1.134,1.456,0.596,0.871,1.39,1.109,1.057,1.199,1.117,1.166,0.828,1.049,1.29,2.173,1.309,1.01,1.318,1.171,1.457,1.574,1.828,0.613,1.117,1.625
yemen,-0.071,-0.066,-0.082,-0.322,-0.394,0.197,-0.159,-0.241,0.343,0.032,-0.156,0.187,0.342,-0.181,-0.667,-0.239,0.567,0.538,0.423,0.702,0.263,-0.084,-0.099,-0.321,-0.181,0.059,0.545,0.678,-0.13,0.897,0.48,0.004,0.128,0.766,0.579,0.256,0.7,0.974,0.982,1.002,0.68,0.872,1.1,0.986,0.988,1.143,1.054,0.589,1.154,1.128,0.974,1.044,0.864,1.043,1.446,1.36,1.379,1.255,1.638,1.4
zambia,0.146,-0.164,-0.377,-0.266,-0.388,0.287,-0.105,-0.161,0.169,0.175,-0.181,0.105,0.263,-0.372,-0.114,-0.389,0.391,0.031,0.173,0.233,0.137,0.364,1.081,0.515,0.136,0.094,1.089,0.713,0.4,0.92,0.432,1.145,0.479,0.616,1.135,0.64,0.653,1.052,0.318,0.364,0.548,0.96,0.94,0.49,1.442,0.727,0.88,0.565,0.595,1.153,0.764,0.791,0.971,0.884,1.38,1.473,0.893,1.221,1.549,1.118
zimbabwe,0.184,0.16,-0.44,-0.131,-0.233,0.212,-0.061,0.155,0.146,0.597,-0.038,-0.127,0.332,-0.51,-0.254,-0.411,0.282,-0.18,0.185,0.037,-0.375,0.301,1.172,0.521,0.036,0.069,1.153,0.362,0.373,0.88,0.586,1.525,0.668,0.361,1.228,0.345,0.427,0.974,0.343,0.031,0.508,0.922,0.743,0.295,1.471,0.623,0.631,0.582,0.531,1.054,0.65,0.973,0.734,0.733,1.412,1.578,0.5,1.05,1.608,0.869
